name,start_date,end_date,location,link,geographical_region,keywords
2023.12.31 台中市-五月天25週年巡迴演唱會-跨年演唱會,2023-12-31,2023-12-31,台中市,https://www.twmarket.tw/?p=47166,中臺灣,
2024.01 台北市集-十二籃.選-誠品忠孝敦化店-12/1~2/28,2023-12-01,2024-02-28,台北市,https://www.twmarket.tw/?p=46379,北臺灣,市集內容：#11月 #12月 #捷運敦化 #誠品 #台北捷運 #聖誕節 #冬日市集【活動招商】 市集內容：#11月 #12月 #捷運敦化 #誠品 #台北捷運 #聖誕節 #冬日市集【活動招商】 市集內容：#11月 #12月 #捷運敦化 #誠品 #台北捷運 #聖誕節 #冬日市集 市集內容：#11月 #12月 #捷運敦化 #誠品 #台北捷運 #聖誕節 #冬日市集
2024.01 台北市集-聖誕佳節禮物市集-12/1~2/28,2023-12-01,2024-02-28,台北市,https://www.twmarket.tw/?p=46635,北臺灣,市集內容：#12月 #1月 #台北 #台北車站 #不用排班 #聖誕節 #寄售【活動招商】 市集內容：#12月 #1月 #台北 #台北車站 #不用排班 #聖誕節 #寄售【活動招商】 市集內容：#12月 #1月 #台北 #台北車站 #不用排班 #聖誕節 #寄售 市集內容：#12月 #1月 #台北 #台北車站 #不用排班 #聖誕節 #寄售
2024.01 新竹市集-冬季市集-湳雅大魯閣-12月~2月,2023-12-01,2024-02-29,新竹市,https://www.twmarket.tw/?p=46670,北臺灣,市集內容：#十二籃快閃店 #大魯閣湳雅 #新竹 #竹北 #聖誕節 #12月 #1月 #2月 市集內容：#十二籃快閃店 #大魯閣湳雅 #新竹 #竹北 #聖誕節 #12月 #1月 #2月 市集內容：#十二籃快閃店 #大魯閣湳雅 #新竹 #竹北 #聖誕節 #12月 #1月 #2月
2024.01 桃園市集-(機捷A8)冬日聖誕市集-11/1~2/28(可選單月),2023-11-01,2024-02-28,桃園市,https://www.twmarket.tw/?p=46381,北臺灣,市集內容：#11月 #桃園 #機場捷運A8 #長庚醫院站 #聖誕市集 #不用排班 #櫃位 #快閃店【活動招商】 市集內容：#11月 #桃園 #機場捷運A8 #長庚醫院站 #聖誕市集 #不用排班 #櫃位 #快閃店【活動招商】 市集內容：#11月 #桃園 #機場捷運A8 #長庚醫院站 #聖誕市集 #不用排班 #櫃位 #快閃店 市集內容：#11月 #桃園 #機場捷運A8 #長庚醫院站 #聖誕市集 #不用排班 #櫃位 #快閃店
2024.01 高雄市集-聖誕∞市集 開幕-12/1~02/29,2023-12-01,2024-02-29,高雄市,https://www.twmarket.tw/?p=46448,南臺灣,市集內容：#11月 #12月 #高雄 #誠品義享店 #聖誕∞市集 #不用排班 #櫃位 #快閃店【活動招商】 市集內容：#11月 #12月 #高雄 #誠品義享店 #聖誕∞市集 #不用排班 #櫃位 #快閃店【活動招商】 市集內容：#11月 #12月 #高雄 #誠品義享店 #聖誕∞市集 #不用排班 #櫃位 #快閃店 市集內容：#11月 #12月 #高雄 #誠品義享店 #聖誕∞市集 #不用排班 #櫃位 #快閃店
2024.01.01 台中市-飛爾市集 › 北屯迪卡儂,2024-01-01,2024-01-01,台中市,https://www.twmarket.tw/?p=47146,中臺灣,
2024.01.01 台北市-年年春 復古年貨小市集,2024-01-01,2024-01-01,台北市,https://www.twmarket.tw/?p=47336,北臺灣,
2024.01.01 台北市-朶朶小語 經典復刻市集-大安森林公園捷運站,2024-01-01,2024-01-01,台北市,https://www.twmarket.tw/?p=47330,北臺灣,
2024.01.01 台北市-西紅市創意市集,2024-01-01,2024-01-01,台北市,https://www.twmarket.tw/?p=47294,北臺灣,#一月 #西門町 #西門紅樓 #攤商招募 #一月 #西門町 #西門紅樓 #攤商招募 #一月 #一月 #西門町 #西門町 #西門紅樓 #西門紅樓 #攤商招募 #攤商招募 #西門捷運站一號出口 #西門捷運站一號出口 #西門捷運站一號出口 #西門捷運站一號出口 #西門紅樓的各國觀光客 #西門紅樓的各國觀光客 #西門紅樓的各國觀光客 #西門紅樓的各國觀光客 #西紅市創意市集的行列吧🥰🥰 #西紅市創意市集的行列吧🥰🥰 #西紅市創意市集的行列吧 #西紅市創意市集的行列吧 #38 #38 #38
2024.01.01 屏東市-六堆文化園區客家食堂櫃位,2024-01-01,2024-01-01,屏東縣,https://www.twmarket.tw/?p=47693,東臺灣,
2024.01.01 桃園市-(機捷A8)新年市集,2024-01-01,2024-01-01,桃園市,https://www.twmarket.tw/?p=47222,北臺灣,#1月 #2月 #桃園 #機場捷運A8 #長庚醫院站 #新年市集 #寄售 #櫃位 #快閃店
2024.01.02 新竹市-新年市集,2024-01-02,2024-01-02,新竹市,https://www.twmarket.tw/?p=47208,北臺灣,#1月 #2月 #新竹 #遠百竹北 #新春市集 #不用排班 #櫃位 #快閃店 #寄售
2024.01.02 高雄市-新春市集,2024-01-02,2024-01-02,高雄市,https://www.twmarket.tw/?p=47205,南臺灣,#1月 #2月 #高雄 #誠品義享店 #新春市集 #不用排班 #櫃位 #快閃店 #寄售
2024.01.05 台北市- 第二屆永續時尚品牌聯展【市集區】,2024-01-05,2024-01-05,台北市,https://www.twmarket.tw/?p=46963,北臺灣,
2024.01.05 新北市-淡水捷運2號出口廣場,2024-01-05,2024-01-05,新北市,https://www.twmarket.tw/?p=47020,北臺灣,
2024.01.05 新竹市-新竹旅遊好好玩手作文創市集,2024-01-05,2024-01-05,新竹市,https://www.twmarket.tw/?p=47384,北臺灣,聯絡方式：02-2881-4888#17 聯絡方式：02-2881-4888#17 聯絡方式：02-2881-4888#17 聯絡方式：02-2881-4888#17
2024.01.05 桃園市-中茂新天地X168幸福市集,2024-01-05,2024-01-05,桃園市,https://www.twmarket.tw/?p=47024,北臺灣,
2024.01.06 台中市-飛爾市集 › 米平方商場,2024-01-06,2024-01-06,台中市,https://www.twmarket.tw/?p=47144,中臺灣,
2024.01.06 台北市-散步遊者市集,2024-01-06,2024-01-06,台北市,https://www.twmarket.tw/?p=47240,北臺灣,｜#散步遊者市集｜#台北市｜#松菸｜#1月｜#品牌招募｜
2024.01.06 台南市-甜食派對X 趴兔市集,2024-01-06,2024-01-06,台南市,https://www.twmarket.tw/?p=46949,南臺灣,#1月 #台南 #市集 #台南市集 #招商 #付費市集 #美食 #文創 #手作 #餐車 #常態市集 #focus #1 # # # # # # # # # # #focus
2024.01.06 台南市-神農五八市集-龍來了,2024-01-06,2024-01-06,台南市,https://www.twmarket.tw/?p=46925,南臺灣,
2024.01.06 台南市集-兜文創MARKET X小小偵探家尋寶歷險市集,2024-01-06,2024-01-06,台南市,https://www.twmarket.tw/?p=46352,南臺灣,市集內容：#台南市 #1月 #兒童市集 #南紡購物中心 #百貨市集 #兜文創MARKET #兒童二手小老闆活動 #兒童闖關遊戲兜文創MARKET品牌報名一覽表：https://linktr.ee/move_round_market 市集內容：#台南市 #1月 #兒童市集 #南紡購物中心 #百貨市集 #兜文創MARKET #兒童二手小老闆活動 #兒童闖關遊戲兜文創MARKET品牌報名一覽表：https://linktr.ee/move_round_market 市集內容：#台南市 #1月 #兒童市集 #南紡購物中心 #百貨市集 #兜文創MARKET #兒童二手小老闆活動 #兒童闖關遊戲 市集內容：#台南市 #1月 #兒童市集 #南紡購物中心 #百貨市集 #兜文創MARKET #兒童二手小老闆活動 #兒童闖關遊戲
2024.01.07 台中市集-木木好日創意親子市集,2024-01-07,2024-01-07,台中市,https://www.twmarket.tw/?p=46799,中臺灣,#招募市集 #招募攤商 #台中市集 #招募市集 #招募攤商 #台中市集 #招募市集 #招募攤商 #台中市集 #招募市集 #招募攤商 #台中市集
2024.01.12 台北市-信義商圈香堤大道廣場,2024-01-12,2024-01-12,台北市,https://www.twmarket.tw/?p=45723,北臺灣,
2024.01.13 新竹市-享平方Shown SquareX微瘋市集,2024-01-13,2024-01-13,新竹市,https://www.twmarket.tw/?p=46941,北臺灣,#2024 #1月 #新竹 #享平方 #Shown #新竹享平方X微瘋 #市集 #竹北 #百貨 #商場 #手作 #手作市集 #景點 #影城
2024.01.13 高雄市-溫度逝光x台塑王氏昆仲公園x新春舊物盛典－二手市集,2024-01-13,2024-01-13,高雄市,https://www.twmarket.tw/?p=47297,南臺灣,
2024.01.13-14 台北市-樹人減碳生活市集,2024-01-13,2024-01-14,台北市,https://www.twmarket.tw/?p=47445,北臺灣,#1月市集 #樹人減碳生活市集 #遮雨廊道 #科教館 #台北市 #1月市集 #樹人減碳生活市集 #遮雨廊道 #科教館 #台北市
2024.01.13-新竹市-純市集x將軍村 攜家帶眷,2024-01-13,2024-01-13,新竹市,https://www.twmarket.tw/?p=47351,北臺灣,市集內容：#新竹市 #文創市集 市集內容：#新竹市 #文創市集 市集內容：#新竹市 #文創市集
2024.01.13~01.14 桃園市-凸凸市X邊緣工事｜童叟無欺!團圓遊藝場,2024-01-13,2024-01-14,桃園市,https://www.twmarket.tw/?p=47303,北臺灣,
2024.01.15 桃園市-遠百桃園店1/15-1/21綠意廣場文青市集,2024-01-15,2024-01-15,桃園市,https://www.twmarket.tw/?p=47394,北臺灣,#1月 #桃園市 #遠東百貨桃園店 #綠意廣場市集 #文青市集 #文創 #好識集
2024.01.16 桃園市-萬市集 X 萬飾吉 平價市集,2024-01-16,2024-01-16,桃園市,https://www.twmarket.tw/?p=47680,北臺灣,#桃園市 #1月 #市集 #社區
2024.01.19 高雄市-《崔瑞昇市 – 童玩開箱趣》,2024-01-19,2024-01-19,高雄市,https://www.twmarket.tw/?p=47638,南臺灣,
2024.01.19~21 台北市-台北圓山花博,2024-01-19,2024-01-21,台北市,https://www.twmarket.tw/?p=46908,北臺灣,
2024.01.19~21 台北市-敦南SOGO百貨,2024-01-19,2024-01-21,台北市,https://www.twmarket.tw/?p=47492,北臺灣,
2024.01.19台中市-台中愛玩設計創意暨親子手作市集,2024-01-19,2024-01-19,台中市,https://www.twmarket.tw/?p=47387,中臺灣,聯絡方式：02-2881-4888#17 聯絡方式：02-2881-4888#17
2024.01.20 台中市-飛爾市集 › 大里藝術廣場,2024-01-20,2024-01-20,台中市,https://www.twmarket.tw/?p=47148,中臺灣,
2024.01.20 台南市-溫度逝光x南紡購物中心x醉Chill迎新春,2024-01-20,2024-01-20,台南市,https://www.twmarket.tw/?p=47649,南臺灣,
2024.01.20 新北市-龍賀 禮の市- iFG遠雄廣場,2024-01-20,2024-01-20,新北市,https://www.twmarket.tw/?p=47327,北臺灣,
2024.01.20 桃園市-1月微瘋市集-療癒身心靈主題市集,2024-01-20,2024-01-20,桃園市,https://www.twmarket.tw/?p=47300,北臺灣,#1月 #主題市集 #市集 #身心靈 #療癒 #放鬆 #百貨 #賣場 #商場 #社區 #美容 #手作 #課程 #手作課程 #香氛 #健康
2024.01.20 桃園市-八德置地廣場X微瘋文創市集,2024-01-20,2024-01-20,桃園市,https://www.twmarket.tw/?p=47052,北臺灣,#2024 #1月 #桃園 #八德 #置地生活廣場X微瘋 #文創 #市集 #桃園八德 #百貨 #文創市集 #手作 #手作市集 #社區 #商場
2024.01.20 高雄市集-初光良市,2024-01-20,2024-01-20,高雄市,https://www.twmarket.tw/?p=46754,南臺灣,市集內容：#市集招商 #浮日良所 #初光良市 #高雄 #高雄大遠百初光，新的啟程。象徵著新年的曙光，寄託這深刻的寓意與祝福。 市集內容：#市集招商 #浮日良所 #初光良市 #高雄 #高雄大遠百初光，新的啟程。象徵著新年的曙光，寄託這深刻的寓意與祝福。 市集內容：#市集招商 #浮日良所 #初光良市 #高雄 #高雄大遠百 市集內容：#市集招商 #浮日良所 #初光良市 #高雄 #高雄大遠百
2024.01.20~21 台中市-光之市 | Chapter 2 在冬日的露台上編織影像與詩,2024-01-20,2024-01-21,台中市,https://www.twmarket.tw/?p=47740,中臺灣,
2024.01.20臺中市-清新溫泉飯店 文創X二手市集,2024-01-20,2024-01-20,台中市,https://www.twmarket.tw/?p=47324,中臺灣,
2024.01.25~28 新北市-中和四號公園-年貨,2024-01-25,2024-01-28,新北市,https://www.twmarket.tw/?p=47100,北臺灣,
2024.01.26 台北市-台北年貨大街,2024-01-26,2024-01-26,台北市,https://www.twmarket.tw/?p=47277,北臺灣,
2024.01.26~28 新北市-小碧潭捷運站4樓-年貨,2024-01-26,2024-01-28,新北市,https://www.twmarket.tw/?p=47083,北臺灣,
2024.01.27 台中市-飛爾市集 › 大里藝術廣場,2024-01-27,2024-01-27,台中市,https://www.twmarket.tw/?p=47150,中臺灣,
2024.01.27 台北市-凝聚美好時刻 團圓市集（擴增棚位區),2024-01-27,2024-01-27,台北市,https://www.twmarket.tw/?p=47473,北臺灣,
2024.01.27 新竹市-1月新竹大魯閣湳雅廣場X微瘋市集,2024-01-27,2024-01-27,新竹市,https://www.twmarket.tw/?p=47058,北臺灣,#1月 #新竹大魯閣 #新竹 #大魯閣 #湳雅廣場 #市集 #手作市集 #百貨 #商場 #賣場 #社區
2024.01.27 桃園市-桃園總圖年貨大街,2024-01-27,2024-01-27,桃園市,https://www.twmarket.tw/?p=47370,北臺灣,#1月 #桃園市 #桃園最美圖書館新總館 #攤商招募中 #20240127至20240128 #更多詳細資訊請至報名連結查看
2024.01.27 高雄市-溫度逝光x澄清湖風景區x迎春街藝狂響曲,2024-01-27,2024-01-27,高雄市,https://www.twmarket.tw/?p=47646,南臺灣,
2024.01.27 高雄市新堀江過好年市集,2024-01-27,2024-01-27,高雄市,https://www.twmarket.tw/?p=46920,南臺灣,#1月 #新堀江新堀江2024過好年市集招商封街市集要來啦(｡･∀･)ﾉﾞ活動日期：113年1月27日至1月28日活動地點：新堀江商店街高雄市新興區文橫二路口活動時間：下午14:00~22:00(結束時間依現場狀況而定)活動攤費：400/天歡迎各式文創手作、特色美食或飲品、遊樂等攤位來報名！報名連結： #1月 #新堀江
2024.01.27-28 台北市-手作的祝福 春の市,2024-01-27,2024-01-28,台北市,https://www.twmarket.tw/?p=47333,北臺灣,
2024.01.27-28 台北市-樹人減碳生活市集_大稻埕碼頭廣場-5號水門,2024-01-27,2024-01-28,台北市,https://www.twmarket.tw/?p=47448,北臺灣,
2024.01~02月 新竹市-新年市集-湳雅大魯閣,2024-01-01,2024-02-29,新竹市,https://www.twmarket.tw/?p=47283,北臺灣,#十二籃快閃店 #大魯閣湳雅 #新竹 #竹北 #新年 #1月 #2月
台北市集-❄聖誕禮物市集-2023/12-01月,2023-12-01,2024-01-30,台北市,https://www.twmarket.tw/?p=46993,北臺灣,市集內容：#12月 #電影節 #忠孝敦化 #誠品 #台北捷運 #第二廣場 #聖誕節 #禮物市集 市集內容：#12月 #電影節 #忠孝敦化 #誠品 #台北捷運 #第二廣場 #聖誕節 #禮物市集 市集內容：#12月 #電影節 #忠孝敦化 #誠品 #台北捷運 #第二廣場 #聖誕節 #禮物市集
雲林市集-舊城新藝・秋收農學市集！-2023/10月,2023-10-01,2023-10-31,雲林縣,https://www.twmarket.tw/?p=46402,中臺灣,#雲林市集 #斗六市集 #友善食農 #地方工藝 #舊城新意 #市集招募 #歡迎分享 #雲林市集 #斗六市集 #友善食農 #地方工藝 #舊城新意 #市集招募 #歡迎分享 #雲林市集 #斗六市集 #友善食農 #地方工藝 #舊城新意 #市集招募 #歡迎分享
2024.02.02 台中市-飛爾市集 › 大里藝術廣場 年貨大街市集 ✦,2024-02-02,2024-02-02,台中市,https://www.twmarket.tw/?p=47152,中臺灣,
2024.02.02 新北市集-好運瀧總來 x 瀧年888 新店捷運站,2024-02-02,2024-02-02,新北市,https://www.twmarket.tw/?p=47368,北臺灣,#2月 #過年前夕#新店捷運站 #過年送開運 #外星人市集
2024.02.02~04 台北市-台北圓山花博,2024-02-02,2024-02-04,台北市,https://www.twmarket.tw/?p=47086,北臺灣,
2024.02.02~04 桃園市-週末便利市集,2024-02-02,2024-02-04,桃園市,https://www.twmarket.tw/?p=47895,北臺灣,#桃園市 #2月 #市集 #社區 #假日
2024.02.02~06-桃園中茂新天地-年貨大街,2024-02-02,2024-02-06,桃園市,https://www.twmarket.tw/?p=47908,北臺灣,
2024.02.03 台北市-年年春 復古年貨小市集-迪化街十連棟,2024-02-03,2024-02-03,台北市,https://www.twmarket.tw/?p=47487,北臺灣,
2024.02.03 台北市-微瘋×大稻埕貨櫃年前療癒市集~萌寵女人我最大,2024-02-03,2024-02-03,台北市,https://www.twmarket.tw/?p=46995,北臺灣,#2月 #身心靈 #療癒 #身心靈療癒~ #萌寵 #女人 #大稻埕碼頭 #市集 #貨櫃市集 #手作 #手作市集 #大稻埕 #碼頭 #寵物
2024.02.03 新竹縣-純市集-享過年,2024-02-03,2024-02-03,新竹縣,https://www.twmarket.tw/?p=47629,北臺灣,
2024.02.03 桃園市-桃園/八德置地生活廣場x生機勃勃早春微瘋市集~,2024-02-03,2024-02-03,桃園市,https://www.twmarket.tw/?p=47465,北臺灣,#2月 #桃園 #八德 #置地生活廣場 #手作市集 #手作 #市集 #百貨 #商場 #賣場 #社區 #輕食
2024.02.03 高雄市-溫度逝光x楠梓翠屏里活動中心x有愛無癌 擁抱希望,2024-02-03,2024-02-03,高雄市,https://www.twmarket.tw/?p=47652,南臺灣,
2024.02.03~04 新北市-2月新莊宏匯廣場X宏匯微瘋時尚新春檔期,2024-02-03,2024-02-04,新北市,https://www.twmarket.tw/?p=47768,北臺灣,#2月 #新莊 #宏匯廣場 #宏匯 #新春 #市集 #新春市集 #手作市集 #時尚 #百貨 #商場 #社區
2024.02.03~04 新北市-龍年龍好運市集,2024-02-03,2024-02-04,新北市,https://www.twmarket.tw/?p=47935,北臺灣,
2024.02.04 台南市-糖業鐵道文化市集,2024-02-04,2024-02-04,台南市,https://www.twmarket.tw/?p=47553,南臺灣,
2024.02.05 高雄市-夢時代7F新春強檔展售活動,2024-02-05,2024-02-05,高雄市,https://www.twmarket.tw/?p=47676,南臺灣,#2月 #春節 #寒假 #高雄市 #高雄夢時代 #攤櫃招商 #室內寄售 #過年返鄉人潮 #無須站櫃 #熱烈招募中 #快閃 #2月 #春節 #寒假 #高雄市 #高雄夢時代 #攤櫃招商 #室內寄售 #過年返鄉人潮 #無須站櫃 #熱烈招募中 #快閃 #2月 #春節 #寒假 #高雄市 #高雄夢時代 #攤櫃招商 #室內寄售 #過年返鄉人潮 #無須站櫃 #熱烈招募中 #快閃
2024.02.08 台北市-摭拾368創意市集 in 2024創作者博覽會進櫃合作報名,2024-02-08,2024-02-08,台北市,https://www.twmarket.tw/?p=47079,北臺灣,
2024.02.08 台北市-滿市好物 伴手禮市集 報名表單,2024-02-08,2024-02-08,台北市,https://www.twmarket.tw/?p=47696,北臺灣,
2024.02.08 桃園市-過年強檔-中壢市仁海宮,2024-02-08,2024-02-08,桃園市,https://www.twmarket.tw/?p=47172,北臺灣,
2024.02.09 高雄市-高雄的年味在鳳山,2024-02-09,2024-02-09,高雄市,https://www.twmarket.tw/?p=47641,南臺灣,
2024.02.10 台北市-微瘋市集二月加開新春檔次~美麗華市集一次連五天,2024-02-10,2024-02-10,台北市,https://www.twmarket.tw/?p=47632,北臺灣,#2月 #台北 #大直 #內湖 #美麗華 #摩天輪 #市集 #手作 #手作市集 #百貨 #商場 #賣場 #廣場 #年節 #新春 #早春 #過年 #新春市集 #喜氣
2024.02.10 新竹市集-新春 佳節好去處-好客文創園區 X微瘋,2024-02-10,2024-02-10,新竹市,https://www.twmarket.tw/?p=46734,北臺灣,"市集內容：#2024#2月#新春 佳節好去處#新竹#湖口#好客文創園區 X微瘋#市集#過年#春節#景點#觀光#親子在不知不覺中2024年的鐘聲敲響了,盼望已久的春節終于來了~這樣熱烈祥和、繁華喜慶的節日氣氛，真是令人心潮澎湃 市集內容：#2024#2月#新春 佳節好去處#新竹#湖口#好客文創園區 X微瘋#市集#過年#春節#景點#觀光#親子在不知不覺中2024年的鐘聲敲響了,盼望已久的春節終于來了~這樣熱烈祥和、繁華喜慶的節日氣氛，真是令人心潮澎湃 市集內容：#2024#2月#新春 佳節好去處#新竹#湖口#好客文創園區 X微瘋#市集#過年#春節#景點#觀光#親子 市集內容：#2024#2月#新春 佳節好去處#新竹#湖口#好客文創園區 X微瘋#市集#過年#春節#景點#觀光#親子 #2024#2月#新春 佳節好去處#新竹#湖口#好客文創園區 X微瘋#市集#過年#春節#景點#觀光#親子"
2024.02.10-12 高雄市-嚨來市集,2024-02-10,2024-02-12,高雄市,https://www.twmarket.tw/?p=47451,南臺灣,#2月 #高雄市 #前鎮區 #高雄市集 #過年市集 #台塑王氏昆仲公園
2024.02.10-13 台南市-新春嘉年華 X 趴兔市集,2024-02-10,2024-02-13,台南市,https://www.twmarket.tw/?p=48018,南臺灣,#2月 #台南 #市集 #台南市集 #招商 #付費市集 #美食 #文創 #手作 #餐車 #常態市集 #focus #過年市集 #年貨大街 #2 # # # # # # # # # # #focus #過年市集 #年貨大街
2024.02.10-台南市-新春嘉年華X 趴兔市集,2024-02-10,2024-02-10,台南市,https://www.twmarket.tw/?p=46952,南臺灣,#2月 #台南 #市集 #台南市集 #招商 #付費市集 #美食 #文創 #手作 #餐車 #常態市集 #focus #2 # # # # # # # # # # #focus
2024.02.10~14 南投縣-妖怪森林 山神祭過年檔期市集,2024-02-10,2024-02-14,南投縣,https://www.twmarket.tw/?p=47962,中臺灣,#過年市集 #南投溪頭 #妖怪森林 #山神祭 #妖怪大遊行 #闖關活動 #十組馬戲節目#奇幻城主題市集 #萬花感官部隊 #僅限12攤
2024.02.10~14 高雄市-好市花昇,2024-02-10,2024-02-14,高雄市,https://www.twmarket.tw/?p=47820,南臺灣,#日破萬人活動場次 #先報名先登記錄取 #強檔等著你報名
2024.02.11 台南市集-兜文創MRKET Ｘ 萌寵時裝展(農曆年檔期）,2024-02-11,2024-02-11,台南市,https://www.twmarket.tw/?p=46354,南臺灣,市集內容：#台南市 #2月 #農曆新年市集 #新光三越西門店 #寵物市集 #百貨市集 #寵物友善 #寵物領養 #兜文創MARKET #萌寵時裝展兜文創MARKET品牌報名一覽表：https://linktr.ee/move_round_market 市集內容：#台南市 #2月 #農曆新年市集 #新光三越西門店 #寵物市集 #百貨市集 #寵物友善 #寵物領養 #兜文創MARKET #萌寵時裝展兜文創MARKET品牌報名一覽表：https://linktr.ee/move_round_market 市集內容：#台南市 #2月 #農曆新年市集 #新光三越西門店 #寵物市集 #百貨市集 #寵物友善 #寵物領養 #兜文創MARKET #萌寵時裝展 市集內容：#台南市 #2月 #農曆新年市集 #新光三越西門店 #寵物市集 #百貨市集 #寵物友善 #寵物領養 #兜文創MARKET #萌寵時裝展
2024.02.11 台南市集-虎翔MARKETＸ河樂（早場）Ｘ海安（晚場）,2024-02-11,2024-02-11,台南市,https://www.twmarket.tw/?p=46596,南臺灣,市集內容：#台南市 #2月 #農曆新年市集 #河樂廣場 #年貨小吉市 #虎翔市集 #景點市集 #海安商圈 #2024年 #農曆年 #初二到初四 #台南市 #海安路 #甜點祭 #服飾祭 #虎翔市集 #府城 #國華街 #神農街 #正興街『兩場一起報、讓您現折兩百元，鬧區讓您從早到晚營業不間斷， 市集內容：#台南市 #2月 #農曆新年市集 #河樂廣場 #年貨小吉市 #虎翔市集 #景點市集 #海安商圈 #2024年 #農曆年 #初二到初四 #台南市 #海安路 #甜點祭 #服飾祭 #虎翔市集 #府城 #國華街 #神農街 #正興街『兩場一起報、讓您現折兩百元，鬧區讓您從早到晚營業不間斷， 市集內容：#台南市 #2月 #農曆新年市集 #河樂廣場 #年貨小吉市 #虎翔市集 #景點市集 #海安商圈 #2024年 #農曆年 #初二到初四 #台南市 #海安路 #甜點祭 #服飾祭 #虎翔市集 #府城 #國華街 #神農街 #正興街 市集內容：#台南市 #2月 #農曆新年市集 #河樂廣場 #年貨小吉市 #虎翔市集 #景點市集 #海安商圈 #2024年 #農曆年 #初二到初四 #台南市 #海安路 #甜點祭 #服飾祭 #虎翔市集 #府城 #國華街 #神農街 #正興街
2024.02.11 雲林市集-「扌龍」 賀！哪樣不需要手作 ｜#品牌招募中｜,2024-02-11,2024-02-11,雲林縣,https://www.twmarket.tw/?p=47288,中臺灣,｜#品牌招募中｜ ｜#品牌招募中｜ #品牌招募中 #品牌招募中
2024.02.11~14 南投縣-光之市 Chapter 3 在工藝的世界裡，我們沐浴著金褐色的光,2024-02-11,2024-02-14,南投縣,https://www.twmarket.tw/?p=47743,中臺灣,
2024.02.11~18 新北市-淡水捷運2號出口廣場-農曆年特別場,2024-02-11,2024-02-18,新北市,https://www.twmarket.tw/?p=47734,北臺灣,
2024.02.12 台中市-飛爾市集 › NOVA新春迎財神 ✦,2024-02-12,2024-02-12,台中市,https://www.twmarket.tw/?p=47164,中臺灣,
2024.02.12 台中市-飛爾市集 › 大里藝術廣場 新春市集 ✦,2024-02-12,2024-02-12,台中市,https://www.twmarket.tw/?p=47154,中臺灣,
"2024.02.12 桃園市-愛，抱一下 LOVE,CUDDLING)",2024-02-12,2024-02-12,桃園市,https://www.twmarket.tw/?p=47372,北臺灣,
2024.02.12 桃園市-桃園/八德置地生活廣場X微瘋市集新春檔期,2024-02-12,2024-02-12,桃園市,https://www.twmarket.tw/?p=47550,北臺灣,#2月 #桃園 #八德 #桃園八德 #置地生活廣場 #百貨 #商場 #賣場 #市集 #手作市集 #手作 #新春 #早春 #過年
2024.02.12 高雄市-溫度逝光x衛武營國家藝術文化中心x新春龍賜福-春節限定場,2024-02-12,2024-02-12,高雄市,https://www.twmarket.tw/?p=47280,南臺灣,
2024.02.12~14 台中市-光之市 Chapter 4 春，浮光,2024-02-12,2024-02-14,台中市,https://www.twmarket.tw/?p=47746,中臺灣,
2024.02.16~18 台北市-信義商圈香堤大道廣場,2024-02-16,2024-02-18,台北市,https://www.twmarket.tw/?p=47090,北臺灣,
2024.02.17 台中市-飛爾市集 › 迪卡儂北屯店,2024-02-17,2024-02-17,台中市,https://www.twmarket.tw/?p=47156,中臺灣,
2024.02.17 台中市集-清新溫泉飯店x清新文創x二手市集,2024-02-17,2024-02-17,台中市,https://www.twmarket.tw/?p=47707,中臺灣,
2024.02.17 高雄市-溫度逝光x駁二藝術特區蓬萊倉庫x星空物語－水母際,2024-02-17,2024-02-17,高雄市,https://www.twmarket.tw/?p=47655,南臺灣,
2024.02.17~18 新竹市-2月新竹享平方Shown SquareX微瘋市集,2024-02-17,2024-02-18,新竹市,https://www.twmarket.tw/?p=47754,北臺灣,#2月 #新竹 #竹北 #新竹竹北 #竹北享平方 #享平方 #享平方Shown #百貨 #商場 #賣場 #市集 #手作市集 #服飾 #社區
2024.02.18 台北市-潘朵拉春吟龍山市集(室內場),2024-02-18,2024-02-18,台北市,https://www.twmarket.tw/?p=47760,北臺灣,#2月 #台北市 #萬華區 #付費市集#龍山捷運站 #龍山文創基地 #春遊龍山市集
2024.02.23 台北市-圓圓元宵 天母團聚市集,2024-02-23,2024-02-23,台北市,https://www.twmarket.tw/?p=47490,北臺灣,
2024.02.23~25 新北市-中和四號公園,2024-02-23,2024-02-25,新北市,https://www.twmarket.tw/?p=47094,北臺灣,
2024.02.23~25 桃園市-桃園總圖,2024-02-23,2024-02-25,桃園市,https://www.twmarket.tw/?p=47497,北臺灣,
2024.02.24 台中市-飛爾市集 › 一德洋樓,2024-02-24,2024-02-24,台中市,https://www.twmarket.tw/?p=47158,中臺灣,
2024.02.24 台北市-復古搖滾慶元宵,2024-02-24,2024-02-24,台北市,https://www.twmarket.tw/?p=47479,北臺灣,
2024.02.24 台北市-朶朶小語 情話呢喃 情人節市集,2024-02-24,2024-02-24,台北市,https://www.twmarket.tw/?p=47482,北臺灣,
2024.02.24 台北市-電公趴 二手市集,2024-02-24,2024-02-24,台北市,https://www.twmarket.tw/?p=48109,北臺灣,
2024.02.24 桃園市-統領廣場X微瘋市集,2024-02-24,2024-02-24,桃園市,https://www.twmarket.tw/?p=47105,北臺灣,#2月 #桃園統領廣場 #桃園 #統領廣場 #市集 #手作市集 #商場 #百貨 #賣場 #商圈 #桃園市集
2024.02.24 臺中市-善愛分享-公益市集活動,2024-02-24,2024-02-24,台中市,https://www.twmarket.tw/?p=47375,中臺灣,
2024.02.24 高雄市-溫度逝光x台塑王氏昆仲公園x甜點控食記-元宵夜,2024-02-24,2024-02-24,高雄市,https://www.twmarket.tw/?p=47659,南臺灣,
2024.02.24-25 高雄市 – 華韻初上 迎春市集,2024-02-24,2024-02-25,高雄市,https://www.twmarket.tw/?p=47340,南臺灣,#不會日曬的市集
2024.02.24~25 台北市-元宵節逛紀州庵文學森林市集,2024-02-24,2024-02-25,台北市,https://www.twmarket.tw/?p=47946,北臺灣,#主辦單位具有保留活動調整之權利
2024.02.24~25 台北市-樹人減碳生活市集,2024-02-24,2024-02-25,台北市,https://www.twmarket.tw/?p=48063,北臺灣,#2月市集 #樹人減碳生活市集 #免曬太陽市集 #科教館 #台北市 #2月市集 #樹人減碳生活市集 #免曬太陽市集 #科教館 #台北市 #2月市集 #樹人減碳生活市集 #免曬太陽市集 #科教館 #台北市 #2月市集 #樹人減碳生活市集 #免曬太陽市集 #科教館 #台北市
2024.02.24~25 新竹市-快樂元宵in將軍村,2024-02-24,2024-02-25,新竹市,https://www.twmarket.tw/?p=48032,北臺灣,#2月 #新竹市 #將軍村 #元宵
2024.02~04月 桃園市-春季市集,2024-02-01,2024-04-30,桃園市,https://www.twmarket.tw/?p=47804,北臺灣,#2月 #3月 #4月 #桃園 #機場捷運A8 #長庚醫院站 #新年市集 #寄售 #櫃位 #快閃店
遠百桃園店2/12-2/18綠意廣場新春市集,2024-02-12,2024-02-18,桃園市,https://www.twmarket.tw/?p=47802,北臺灣,#2月 #桃園市 #遠東百貨桃園店 #綠意廣場市集 #好識集 #新春市集
2024.03.01~03 新北市-淡水捷運2號出口廣場,2024-03-01,2024-03-03,新北市,https://www.twmarket.tw/?p=47902,北臺灣,
2024.03.01~25 台南市-神農五八市集,2024-03-01,2024-03-25,台南市,https://www.twmarket.tw/?p=47959,南臺灣,
2024.03.02 新北市-IVE演唱會2024台北站｜IVE THE 1ST WORLD TOUR ＜SHOW WHAT I HAVE,2024-03-02,2024-03-02,台北市,https://www.twmarket.tw/?p=47174,北臺灣,
2024.03.02-03 高雄市-春悸邂逅,2024-03-02,2024-03-03,高雄市,https://www.twmarket.tw/?p=48178,南臺灣,#3月 #高雄 #市集 #高雄市集 #招商 #付費市集 #文創 #手作 #新光三越 #假日市集 #趴兔市集 #3 # # # # # # # # #假日市集 #趴兔市集
2024.03.02~03 台中市-佳境共好市集,2024-03-02,2024-03-03,台中市,https://www.twmarket.tw/?p=48119,中臺灣,
2024.03.02~03 台中市-飛爾市集·米平方商場,2024-03-02,2024-03-03,台中市,https://www.twmarket.tw/?p=48045,中臺灣,
2024.03.02~03 桃園市-八德-麥噹噹歡樂親子微瘋市集,2024-03-02,2024-03-03,桃園市,https://www.twmarket.tw/?p=48135,北臺灣,#3月 #桃園 #八德 #置地生活廣場 #手作市集 #手作 #市集 #百貨 #商場 #賣場 #社區 #輕食
2024.03.02~03 桃園市-桃園/八德置地生活廣場x生機勃勃微瘋市集~,2024-03-02,2024-03-03,桃園市,https://www.twmarket.tw/?p=47796,北臺灣,#3月 #桃園 #八德 #置地生活廣場 #手作市集 #手作 #市集 #百貨 #商場 #賣場 #社區 #輕食
2024.03.04~29 新北市-輔大市集FUJEN PLAZA,2024-03-04,2024-03-29,新北市,https://www.twmarket.tw/?p=47943,北臺灣,#報名中 #輔大 #輔大市集 #招募中 #校園 #校園市集 #校園市集活動 #3月市集 #北部 #輔仁大學
2024.03.08 新北市-女人與寵物身心靈家居時尚市集,2024-03-08,2024-03-08,新北市,https://www.twmarket.tw/?p=47231,北臺灣,#3月 #淡水捷運站10號廣場 #淡水 #捷運站 #10號廣場 #文創 #市集 #手作市集 #文創市集 #家居 #寵物 #萌寵 #時尚 #家居時尚 #時尚市集 #家居市集 #老街 #景點 #廣場
2024.03.08~10 台北市-淡水捷運10號廣場-微瘋市集~咖啡與品酒文化🥂,2024-03-08,2024-03-10,台北市,https://www.twmarket.tw/?p=48286,北臺灣,#3月 #台北 #淡水 #捷運站 #淡水捷運站 #10號廣場 #淡水捷運10號廣場 #咖啡 #酒 #品酒 #文化節 #市集
2024.03.08~10 桃園市-桃園中茂新天地,2024-03-08,2024-03-10,桃園市,https://www.twmarket.tw/?p=47906,北臺灣,
2024.03.08~11 台北市-旅遊好好玩手作創意市集,2024-03-08,2024-03-11,台北市,https://www.twmarket.tw/?p=48090,北臺灣,◎聯絡方式：02-2881-4888#17
2024.03.09 台北市-朶朶小語 春花の市-大安森,2024-03-09,2024-03-09,台北市,https://www.twmarket.tw/?p=47699,北臺灣,
2024.03.09~10 台中市-基好事吉,2024-03-09,2024-03-10,台中市,https://www.twmarket.tw/?p=47949,中臺灣,#3月 #台中市 #台灣民俗文物館#基好事吉 #招商中 #3月 #台中市 #台灣民俗文物館 #基好事吉 #招商中
2024.03.09~10 台中市-飛爾市集·一德洋樓,2024-03-09,2024-03-10,台中市,https://www.twmarket.tw/?p=48047,中臺灣,
2024.03.09~10 高雄市-啃泡市集Rainbow baby,2024-03-09,2024-03-10,高雄市,https://www.twmarket.tw/?p=48029,南臺灣,#左營新光三越 #啃泡市集Rainbowbaby #20240309至0310 #啃泡市集 #nibblebubble #Rainbowbaby
2024.03.10 台南市-大手拉小手 X趴兔市集,2024-03-10,2024-03-10,台南市,https://www.twmarket.tw/?p=48021,南臺灣,#3月 #台南 #市集 #台南市集 #招商 #付費市集 #美食 #文創 #手作 #餐車 #社區活動 #梅花里 #火舞表演 #街頭藝人 #3 # # # # # # # # # # #梅花里 #火舞表演 #街頭藝人
2024.03.12~16 台北市-北醫音樂祭,2024-03-12,2024-03-16,台北市,https://www.twmarket.tw/?p=48504,北臺灣,
2024.03.13 桃園市-萬市集 X 萬飾吉 生活便利市集,2024-03-13,2024-03-13,桃園市,https://www.twmarket.tw/?p=48116,北臺灣,#桃園市 #3月 #市集 #社區
2024.03.13~14 台南市-友DO市集『閩南-囡仔日』,2024-03-13,2024-03-14,台南市,https://www.twmarket.tw/?p=48315,南臺灣,
2024.03.15~17 台北市-三月圓山花博入口廣場,2024-03-15,2024-03-17,台北市,https://www.twmarket.tw/?p=48259,北臺灣,#3月 #台北 #圓山 #捷運站 #圓山捷運站 #花博 #圓山花博 #花博入口廣場 #廣場 #捷運站廣場 #3月 #台北 #圓山 #捷運站 #圓山捷運站 #花博 #圓山花博 #花博入口廣場 #廣場 #捷運站廣場 #3月 #台北 #圓山 #捷運站 #圓山捷運站 #花博 #圓山花博 #花博入口廣場 #廣場 #捷運站廣場 #3月 #台北 #圓山 #捷運站 #圓山捷運站 #花博 #圓山花博 #花博入口廣場 #廣場 #捷運站廣場 #3月 #台北 #圓山 #捷運站 #圓山捷運站 #花博 #圓山花博 #花博入口廣場 #廣場 #捷運站廣場
2024.03.15~17 新北市-新店碧潭捷運站(雨遮),2024-03-15,2024-03-17,新北市,https://www.twmarket.tw/?p=48068,北臺灣,
2024.03.16 台中市-台中太平枇杷節,2024-03-16,2024-03-16,台中市,https://www.twmarket.tw/?p=48215,中臺灣,#4月#台中市政府#台中#枇杷節#太平枇杷節#市集招商#市集招募
2024.03.16 台北市-中正紀念堂X體育賽事,2024-03-16,2024-03-16,台北市,https://www.twmarket.tw/?p=48230,北臺灣,
2024.03.16 台北市-蘿莉塔故事市集-狐步童話,2024-03-16,2024-03-16,台北市,https://www.twmarket.tw/?p=47723,北臺灣,
2024.03.16 台北市-龍山地下桌遊市集,2024-03-16,2024-03-16,台北市,https://www.twmarket.tw/?p=47709,北臺灣,#台北市集 #龍山寺 #攤位招商 #台北市集 #龍山寺 #攤位招商
2024.03.16 桃園市-3月桃園統領廣場X微瘋市集,2024-03-16,2024-03-16,桃園市,https://www.twmarket.tw/?p=47663,北臺灣,#3月 #桃園統領廣場 #桃園 #統領廣場 #市集 #手作市集 #商場 #百貨 #賣場 #商圈 #桃園市集
2024.03.16-3.17 高雄市-啃泡市集 ✖ 高級美食・第一話,2024-03-16,2024-03-16,高雄市,https://www.twmarket.tw/?p=47265,南臺灣,#高雄市 #3月 #蓬萊倉庫 #啃泡市集 #nibblebubble #高級美食·第一話 #藝文展覽
2024.03.16~17 台北市-大葉高島屋春紛寵物市集-168幸福市集,2024-03-16,2024-03-17,台北市,https://www.twmarket.tw/?p=47495,北臺灣,
2024.03.16~17 台北市-散步遊者市集-松菸場,2024-03-16,2024-03-17,台北市,https://www.twmarket.tw/?p=48124,北臺灣,#3月 #台北市 #松菸 #3月 #台北市 #松菸 #3月 #3月 #台北市 #台北市 #松菸 #松菸 ｜#散步遊者市集｜#品牌招募｜ ｜#散步遊者市集｜#品牌招募｜ #散步遊者市集 #散步遊者市集 #品牌招募 #品牌招募
2024.03.16~17 桃園市-春意盎然，微瘋市集新生機 ！,2024-03-16,2024-03-17,桃園市,https://www.twmarket.tw/?p=48060,北臺灣,#3月 #桃園 #八德 #置地生活廣場 #手作市集 #手作 #市集 #百貨 #商場 #賣場 #社區 #輕食
2024.03.16~17 桃園市-麥噹噹歡樂親子微瘋市集,2024-03-16,2024-03-17,桃園市,https://www.twmarket.tw/?p=48222,北臺灣,#3月 #桃園 #八德 #八德置地生活廣場 #麥當勞 #親子 #市集 #親子市集 #手作 #手作市集 #文創 #文創市集 #商場 #百貨 #賣場 #商圈 #社區
"2024.03.18 台南市-友DO市集『南臺Yoür,TH青春市集』",2024-03-18,2024-03-18,台南市,https://www.twmarket.tw/?p=48305,南臺灣,
2024.03.20 桃園市-平價便利市集,2024-03-20,2024-03-20,桃園市,https://www.twmarket.tw/?p=48580,北臺灣,#桃園市 #3月 #市集 #社區 #平日
2024.03.22~24 台北市-信義商圈香堤大道廣場,2024-03-22,2024-03-24,台北市,https://www.twmarket.tw/?p=47916,北臺灣,"#3月 #台北市集 #信義商圈 #香堤大道廣場 #168幸福市集＃主題：信義商圈幸福市集＃日期：2024/03/22.23.24（五六日）＃時間：11:00-21:30＃攤數：24格＃地點：信義商圈香堤大道廣場(新光三越A8與微風廣場之間)＃地址：捷運市政府站3號出口步行2分鐘＃招募：文創手作(優先),輕食.伴手禮..工商品牌推廣⋯＃設備：含3*3米帳棚 #3月 #台北市集 #信義商圈 #香堤大道廣場 #168幸福市集 #3月 #台北市集 #信義商圈 #香堤大道廣場 #168幸福市集"
2024.03.22~24 台北市-台北圓山花博,2024-03-22,2024-03-24,台北市,https://www.twmarket.tw/?p=47910,北臺灣,#3月 #台北市集 #圓山花博公園 #168幸福市集 #3月 #台北市集 #圓山花博公園 #168幸福市集 #3月 #台北市集 #圓山花博公園 #168幸福市集 #3月 #台北市集 #圓山花博公園 #168幸福市集
2024.03.22~24 台北市-松山車站西側圓頂廣場,2024-03-22,2024-03-24,台北市,https://www.twmarket.tw/?p=48239,北臺灣,#3月 #台北市集 #松山車站 #CITYLINK松山店 #168幸福市集＃主題：168幸福市集x松山車站x潤泰集團x松山捷運＃日期：2024/03/22.23.24（五六日）＃時間：12:00-20:00＃攤數：20座（使用豪華木座組）＃地點：松山車站西側圓頂廣場＃地址：台北市信義區松山路11號＃招募：文創. #3月 #台北市集 #松山車站 #CITYLINK松山店 #168幸福市集
2024.03.22~25 台北市-蔬食創意市集,2024-03-22,2024-03-25,台北市,https://www.twmarket.tw/?p=48097,北臺灣,◎聯絡方式：02-2881-4888#17 02-2881-4888#17
2024.03.23 台北市-櫻花樹下的毛孩樂園,2024-03-23,2024-03-23,台北市,https://www.twmarket.tw/?p=47702,北臺灣,
2024.03.23 臺中市-清新溫泉飯店 文創X二手市集,2024-03-23,2024-03-23,台中市,https://www.twmarket.tw/?p=48185,中臺灣,
2024.03.23~24 台中市-飛爾市集·迪卡儂の二手市集,2024-03-23,2024-03-24,台中市,https://www.twmarket.tw/?p=48051,中臺灣,
2024.03.23~24 台北市 GE創市集招募,2024-03-23,2024-03-24,台北市,https://www.twmarket.tw/?p=47984,北臺灣,#美麗華摩天輪#NOKE 忠泰樂生活#市集 #台北市集 #假日市集 #週末市集 #北區市集 #美麗華摩天輪#NOKE 忠泰樂生活#市集 #台北市集 #假日市集 #週末市集 #北區市集 #美麗華摩天輪 #台北市集 #假日市集 #週末市集 #北區市集
2024.03.23~24 台北市-大稻埕x外星人尋寶記,2024-03-23,2024-03-24,台北市,https://www.twmarket.tw/?p=48188,北臺灣,
2024.03.23~24 台北市-春之三重奏 植感市集,2024-03-23,2024-03-24,台北市,https://www.twmarket.tw/?p=48106,北臺灣,
2024.03.23~24 台北市-松菸微醺派對,2024-03-23,2024-03-24,台北市,https://www.twmarket.tw/?p=47941,北臺灣,#松菸 #松菸 #松菸 #松菸
2024.03.23~24 台北市-穿越新東方妝藝大遊行東方市集,2024-03-23,2024-03-24,台北市,https://www.twmarket.tw/?p=47929,北臺灣,
2024.03.23~24 新北市-2024新北春紛節_萌寵市集 招商中,2024-03-23,2024-03-24,新北市,https://www.twmarket.tw/?p=47799,北臺灣,#3月份 #新北市 #春紛節 #大都會公園 #三重捷運站 #3月份 #新北市 #春紛節 #大都會公園 #三重捷運站 #3月份 #新北市 #春紛節 #大都會公園 #三重捷運站
2024.03.23~24 桃園市-微瘋市集—三月桃園場,2024-03-23,2024-03-24,桃園市,https://www.twmarket.tw/?p=48560,北臺灣,#3月 #桃園 #桃園市 #桃園區 #公園 #親子公園 #市集 #公園市集
2024.03.23~24 高雄市-《友DO市集 x 漫活昇市》,2024-03-23,2024-03-24,高雄市,https://www.twmarket.tw/?p=48309,南臺灣,
2024.03.29 台北市-無邊境 經典市集,2024-03-29,2024-03-29,台北市,https://www.twmarket.tw/?p=47485,北臺灣,
2024.03.29 基隆市-反毒特展記者會市集活動,2024-03-29,2024-03-29,基隆市,https://www.twmarket.tw/?p=48027,北臺灣,
2024.03.29~04月 台北市-心中山｜ESG 節能減碳市集好日市集,2024-03-29,2024-03-04,台北市,https://www.twmarket.tw/?p=48152,北臺灣,
2024.03.29~31 桃園市-三月桃園中壢銀河廣場美艷市集,2024-03-29,2024-03-31,桃園市,https://www.twmarket.tw/?p=48121,北臺灣,
2024.03.29~31 桃園市-中壢銀河廣場美艷市集,2024-03-29,2024-03-31,桃園市,https://www.twmarket.tw/?p=48450,北臺灣,#3月 #桃園 #中壢 #銀河廣場 #廣場 #市集 #手作 #手作市集 #中壢SOGO #SOGO #影城
2024.03.30 台中市-莎拉潶市集,2024-03-30,2024-03-30,台中市,https://www.twmarket.tw/?p=48622,中臺灣,(歡迎攤商提供禮品增加曝光度)#台中里民活動 #兒童節活動 #假日市集 #台中市集 #公園市集 #莎拉潶市集 #台中假日活動 #西區大忠里 #公園活動
2024.03.30~31 台北市-樹人減碳生活市集,2024-03-30,2024-03-31,台北市,https://www.twmarket.tw/?p=48664,北臺灣,#3月市集 #樹人減碳生活市集 #免曬太陽市集 #科教館 #台北市 #3月市集 #樹人減碳生活市集 #免曬太陽市集 #科教館 #台北市 #3月市集 #3月市集 #樹人減碳生活市集 #樹人減碳生活市集 #免曬太陽市集 #免曬太陽市集 #科教館 #科教館 #台北市 #台北市
2024.03.30~31 台北市-毛孩的春趣野味 寵物市集(淡水捷運站場次),2024-03-30,2024-03-31,台北市,https://www.twmarket.tw/?p=47974,北臺灣,
2024.03.30~31 台北市-毛孩的春趣野味寵物市集(圓山捷運站場次),2024-03-30,2024-03-31,台北市,https://www.twmarket.tw/?p=47978,北臺灣,
2024.03.30~31 桃園市-桃園總圖(大型活動),2024-03-30,2024-03-31,桃園市,https://www.twmarket.tw/?p=47499,北臺灣,
2024.03.30~31 高雄市-《友DO市集 x 閩南-囝仔日》,2024-03-30,2024-03-31,高雄市,https://www.twmarket.tw/?p=48307,南臺灣,
2024.03.31 彰化縣-莎拉潶市集,2024-03-31,2024-03-31,彰化縣,https://www.twmarket.tw/?p=48625,中臺灣,魔術秀、氣球秀、吉他演唱#彰化市集 #彰化活動 #彰化和美鎮 #彰化野餐市集 #莎拉潶市集#和美 #野餐市集－－📍報名請私訊官方帳號
2024.03~04月 新竹市-春季手作市集,2024-03-01,2024-04-30,新竹市,https://www.twmarket.tw/?p=48129,北臺灣,#3月 #4月 #新竹 #遠百竹北 #春季市集 #不用排班 #櫃位 #快閃店 #寄售
2024.03~04月 新竹市-純市集x將軍村-眷春特輯,2024-03-01,2024-04-30,新竹市,https://www.twmarket.tw/?p=48435,北臺灣,#三月 #四月 #新竹市 #將軍村 #兒童節
2024.03~04月 桃園市-微瘋市集-三、四月桃園場,2024-03-01,2024-04-30,桃園市,https://www.twmarket.tw/?p=48292,北臺灣,#3月 #4月 #桃園 #桃園市 #桃園區 #公園 #三民運動公園 #風 #同安親子公園 #市集 #公園市集
2024.03~04月 高雄夢時代x芮蜜渠創,2024-03-01,2024-04-30,高雄市,https://www.twmarket.tw/?p=47898,南臺灣,#3月 #4月 #高雄市 #高雄夢時代 #櫻花季音樂節 #路跑活動 #情人節 #清明連假 #攤櫃招商 #室內寄售 #無須站櫃 #熱烈招募中 #3 #4月 # #高雄夢時代 #櫻花季音樂節 #路跑活動 #情人節 #清明連假 # #室內寄售 #無須站櫃 #熱烈招募中
2024.03~06月 台北市-四四南村 一期一會 x緣分集散地,2024-03-01,2024-06-30,台北市,https://www.twmarket.tw/?p=48145,北臺灣,
2024.3.23~3.24 高雄市-高雄美食・第二話,2024-03-23,2024-03-24,高雄市,https://www.twmarket.tw/?p=48006,南臺灣,#高雄市 #3月#大義區紅磚廊道 #啃泡市集 #nibblebubble #高級美食·第二話 #藝文展覽
2020.04.20~21 臺北市-過手職人市集【花綻】,2020-04-20,2020-04-21,台北市,https://www.twmarket.tw/?p=48142,北臺灣,
2024.04.01~30 台中市/兒童藝術節市集,2024-04-01,2024-04-30,台中市,https://www.twmarket.tw/?p=48210,中臺灣,#4月#台中市政府#台中#兒童節#兒童藝術節#市集招商#市集招募
2024.04.03 新竹縣-竹東遊樂園 童猴高,2024-04-03,2024-04-03,新竹縣,https://www.twmarket.tw/?p=48471,北臺灣,電話:02-2975-4400#25
2024.04.04~05 基隆市-島嶼好宅相談所｜三保FUN市集,2024-04-04,2024-04-05,基隆市,https://www.twmarket.tw/?p=48485,北臺灣,#4月 #基隆市 #和平島地質公園 #市集招募 #三保FUN市集 #島嶼好宅相談所｜三保FUN市集 #攤主招募中 #動物相關
2024.04.04~07 台中市-飛爾市集·兒童節派對,2024-04-04,2024-04-07,台中市,https://www.twmarket.tw/?p=48829,中臺灣,
2024.04.04~07 台北市-童繪村 心中的孩子 彩繪市集,2024-04-04,2024-04-07,台北市,https://www.twmarket.tw/?p=48369,北臺灣,
2024.04.04~07 台南市-友DO市集『閩南-囡仔日❶』,2024-04-04,2024-04-07,台南市,https://www.twmarket.tw/?p=48317,南臺灣,
2024.04.04~07 台南市-心花怒fun X趴兔市集,2024-04-04,2024-04-07,台南市,https://www.twmarket.tw/?p=48870,南臺灣,#四月 #周末 #市集招商 #市集 #台南市集 #台南 #台南景點 #四月活動 #周末踏青 #假日 #市集活動 #趴兔市集 #中西區 #付費市集 #假日市集 #百貨商圈 #周末出遊 #常駐市集 #市集報名 #文創市集 #特色餐車 #市品選物 #手作小物 #街頭藝人
2024.04.04~07 新北市-小碧潭捷運站4樓-清明連假,2024-04-04,2024-04-07,新北市,https://www.twmarket.tw/?p=47904,北臺灣,#4月 #新北市集 #小碧潭捷運站 #美河市購物商場 #168幸福市集＃主題：小碧潭捷運站4樓-168幸福市集（室內場不怕風雨）＃日期：2024/04/04.05.06.07（四天-清明連假）＃時間：11:00-20:00＃攤數：16格 #4月 #新北市集 #小碧潭捷運站 #美河市購物商場 #168幸福市集
2024.04.04~07 新北市-潘朵拉空軍三重一村→藝童趣嬌遊,2024-04-04,2024-04-07,新北市,https://www.twmarket.tw/?p=48429,北臺灣,#4月 #台北市 #三重區 #空軍三重一村 #藝童趣嬌遊 #兒童節連假
2024.04.04~07 高雄市-友DO市集 x 我在岡山不是山⁰⁴⁰⁴,2024-04-04,2024-04-07,高雄市,https://www.twmarket.tw/?p=48311,南臺灣,
2024.04.04~07 高雄市-散步遊者市集 童心協奏-衛武營藝術文化中心｜北廣場,2024-04-04,2024-04-07,高雄市,https://www.twmarket.tw/?p=48289,南臺灣,#4月｜#高雄市｜#衛武營 #4月｜#高雄市｜#衛武營 #4月 #4月 #高雄市 #高雄市 #衛武營 #衛武營 ｜#散步遊者市集｜#品牌招募｜ ｜#散步遊者市集｜#品牌招募｜ #散步遊者市集 #散步遊者市集 #品牌招募 #品牌招募
2024.04.04~07 高雄市-溫度逝光X高雄流行音樂中心X星空物語-水母際 Part2,2024-04-04,2024-04-07,高雄市,https://www.twmarket.tw/?p=48464,南臺灣,
2024.04.04~07-新北市-新店碧潭捷運站(遮雨廊道)-清明連假,2024-04-04,2024-04-07,新北市,https://www.twmarket.tw/?p=48387,北臺灣,#4月 #新北市集 #新店捷運站 #碧潭站 #168幸福市集＃主題：新店捷運站(碧潭)廣場X168幸福市集 #4月 #新北市集 #新店捷運站 #碧潭站 #168幸福市集
2024.04.04~28 台北市-西紅市創意市集,2024-04-04,2024-04-28,台北市,https://www.twmarket.tw/?p=48645,北臺灣,#四月 #西門町 #西門紅樓 #攤商招募 #四月 #西門町 #西門紅樓 #攤商招募 #西門捷運站一號出口 #西門捷運站一號出口 #西門紅樓的各國觀光客 #西門紅樓的各國觀光客 #西紅市創意市集的行列吧 #西紅市創意市集的行列吧 #初步錄取名單 #初步錄取名單 #初步錄取名單 #初步錄取名單 #初步錄取名單 #38 #38
2024.04.04~28 台南市-神農五八市集,2024-04-04,2024-04-28,台南市,https://www.twmarket.tw/?p=48206,南臺灣,#4月 #臺南 #台南 #台南市中西區 #神農街 #付費市集 #20240404-20240428#神農五八市集 #CHILL
2024.04.05~07 桃園市-樹人減碳生活市集x統領廣場Tonlin Plaza,2024-04-05,2024-04-07,桃園市,https://www.twmarket.tw/?p=48725,北臺灣,
2024.04.06~07 台中市-飛爾市集。米平方商場,2024-04-06,2024-04-07,台中市,https://www.twmarket.tw/?p=48831,中臺灣,
2024.04.06~07 台北市-城市花伴 春の市,2024-04-06,2024-04-07,台北市,https://www.twmarket.tw/?p=48375,北臺灣,
2024.04.06~07 嘉義市 -家樂虎迷你市集,2024-04-06,2024-04-07,嘉義市,https://www.twmarket.tw/?p=48156,南臺灣,#家樂虎迷你市集 招商中#家樂福嘉義店
2024.04.06~07 桃園市-八德-麥噹噹歡樂親子微瘋市集,2024-04-06,2024-04-07,桃園市,https://www.twmarket.tw/?p=48480,北臺灣,#4月 #桃園 #八德 #八德置地生活廣場 #麥當勞 #親子 #市集 #親子市集 #手作 #手作市集 #文創 #文創市集 #商場 #百貨 #賣場 #商圈 #社區
2024.04.06~07 桃園市-八德置地生活廣場X微瘋市集,2024-04-06,2024-04-07,桃園市,https://www.twmarket.tw/?p=48140,北臺灣,#4月 #桃園 #八德 #八德置地生活廣場 #廣豐新天地 #賣場 #商場 #社區 #手作 #市集 #手作市集 #假日 #假日市集 #文創 #文創市集
2024.04.08~30 新北市-輔大市集FUJEN PLAZA,2024-04-08,2024-04-30,新北市,https://www.twmarket.tw/?p=48818,北臺灣,#報名中 #輔大 #輔大市集 #招募中#校園 #校園市集 #校園市集活動 #4月市集 #北部 #輔仁大學《
2024.04.12~14 台北市-信義商圈香堤大道廣場,2024-04-12,2024-04-14,台北市,https://www.twmarket.tw/?p=48421,北臺灣,"#4月 #台北市集 #信義商圈 #香堤大道廣場 #168幸福市集＃主題：信義商圈幸福市集＃日期：2024/04/12~14（五六日）＃時間：11:00-21:30＃攤數：24格＃地點：信義商圈香堤大道廣場(新光三越A8與微風廣場之間)＃地址：捷運市政府站3號出口步行2分鐘＃招募：文創手作(優先),輕食.伴手禮..工商品牌推廣⋯＃設備：含3*3米帳棚 #4月 #台北市集 #信義商圈 #香堤大道廣場 #168幸福市集 #4月 #台北市集 #信義商圈 #香堤大道廣場 #168幸福市集"
2024.04.12~14 台北市-台北圓山花博,2024-04-12,2024-04-14,台北市,https://www.twmarket.tw/?p=47912,北臺灣,#4月 #台北市集 #圓山花博公園 #168幸福市集 #4月 #台北市集 #圓山花博公園 #168幸福市集 #4月 #台北市集 #圓山花博公園 #168幸福市集 #4月 #台北市集 #圓山花博公園 #168幸福市集
2024.04.12~14 台北市-微瘋市集—四月台北場,2024-04-12,2024-04-14,台北市,https://www.twmarket.tw/?p=48516,北臺灣,#4月 #台北 #公園 #榮星花園公園 #市集
2024.04.12~14 台北市-榮星花園,2024-04-12,2024-04-14,台北市,https://www.twmarket.tw/?p=48747,北臺灣,
2024.04.12~14 桃園市-桃園中茂新天地,2024-04-12,2024-04-14,桃園市,https://www.twmarket.tw/?p=48401,北臺灣,#4月 #桃園市集 #中茂新天地 #168幸福市集＃主題：桃園中茂新天地幸福假日市集＃日期：2024/04/12~14（五六日）＃時間：11:00-20:30＃攤數：16格 #4月 #桃園市集 #中茂新天地 #168幸福市集
2024.04.13-14 嘉義市-嘉裡有飾X趴兔市集,2024-04-13,2024-04-14,嘉義市,https://www.twmarket.tw/?p=48872,南臺灣,#四月 #周末 #市集招商 #市集 #嘉義市集 #嘉義 #嘉義景點 #四月活動 #周末踏青 #假日 #市集活動 #趴兔市集 #付費市集 #假日市集 #百貨商圈 #周末出遊 #常駐市集 #市集報名 #文創市集 #特色餐車 #市品選物 #手作小物 #街頭藝人
2024.04.13(六)嘉義市環保局地球日活動+吃食攤商,2024-04-13,2024-04-13,嘉義市,https://www.twmarket.tw/?p=48358,南臺灣,05-2251775#4113鄭小姐 05-2251775#4113鄭小姐 05-2251775#4113鄭小姐
2024.04.13~14 台北市-春日繽紛 花之旅 市集,2024-04-13,2024-04-14,台北市,https://www.twmarket.tw/?p=48366,北臺灣,
2024.04.13~14 台北市-時光柑仔店 懷舊市集,2024-04-13,2024-04-14,台北市,https://www.twmarket.tw/?p=48378,北臺灣,
2024.04.13~14 台南市-戀花季 手作。春物市集 四月南紡,2024-04-13,2024-04-14,台南市,https://www.twmarket.tw/?p=47981,南臺灣,
2024.04.13~14 新北市-永和愛夢想市集-草地園遊會,2024-04-13,2024-04-14,新北市,https://www.twmarket.tw/?p=48826,北臺灣,
2024.04.13~28 台中市-假日市集,2024-04-13,2024-04-28,台中市,https://www.twmarket.tw/?p=49042,中臺灣,
2024.04.13~28台北市-逗號市集(四月兩場),2024-04-13,2024-04-28,台北市,https://www.twmarket.tw/?p=48884,北臺灣,
2024.04.19 桃園市-萬市集 X 萬飾吉 生活便利市集,2024-04-19,2024-04-19,桃園市,https://www.twmarket.tw/?p=48994,北臺灣,#桃園市 #4月 #市集 #社區 #平日🧸萬市集
2024.04.20 台中市-清新文創X二手市集,2024-04-20,2024-04-20,台中市,https://www.twmarket.tw/?p=48728,中臺灣,
2024.04.20 新竹市- 國立陽明交通大學-永續市集,2024-04-20,2024-04-20,新竹市,https://www.twmarket.tw/?p=48823,北臺灣,#4月 #新竹 #交通大學 #免攤位費 #好日市集 #4月 #4月 #新竹 #新竹 #交通大學 #交通大學 #免攤位費 #免攤位費 #好日市集 #好日市集
2024.04.20-21 台南市-春日花市X趴兔市集,2024-04-20,2024-04-21,台南市,https://www.twmarket.tw/?p=48875,南臺灣,#四月 #周末 #市集招商 #市集 #台南市集 #台南 #台南景點 #四月活動 #周末踏青 #假日 #市集活動 #趴兔市集 #中西區 #付費市集 #假日市集 #百貨商圈 #周末出遊 #常駐市集 #市集報名 #文創市集 #市品選物 #手作小物 #街頭藝人
2024.04.20~21 台中市-花花走市集,2024-04-20,2024-04-21,台中市,https://www.twmarket.tw/?p=48769,中臺灣,#市集熱烈招商中 #市集熱烈招商中
2024.04.20~21 台中市-飛爾市集。迪卡儂北屯店,2024-04-20,2024-04-21,台中市,https://www.twmarket.tw/?p=48833,中臺灣,
2024.04.20~21 台北市-〖龍山地下集會〗復活節玩具市集,2024-04-20,2024-04-21,台北市,https://www.twmarket.tw/?p=48837,北臺灣,
2024.04.20~21 台北市-不完美的完美 手作市集,2024-04-20,2024-04-21,台北市,https://www.twmarket.tw/?p=48455,北臺灣,
2024.04.20~21 台北市-心中的一畝田 小農環保主題市集,2024-04-20,2024-04-21,台北市,https://www.twmarket.tw/?p=48372,北臺灣,
2024.04.20~21 台北市-時尚微瘋市集-精緻居家好品味,2024-04-20,2024-04-21,台北市,https://www.twmarket.tw/?p=48138,北臺灣,#4月 #時尚 #居家 #家居 #精緻 #大稻埕碼頭 #市集 #貨櫃市集 #手作 #手作市集 #大稻埕 #碼頭
2024.04.20~21 台北市-松山文創園區-倉庫聯展,2024-04-20,2024-04-21,台北市,https://www.twmarket.tw/?p=48232,北臺灣,#4月 #台北市集 #松山文創園區 #168幸福市集＃主題：松山文創園區-倉庫聯展(室內場不怕風雨)＃日期：2024/04/20~21（六日）＃時間：11:00-19:00＃攤數：50格＃地點：4米幸福柴犬在松山文創園區1號倉庫＃地址：松山文創園區1號倉庫(室內)＃招募：文創. #4月 #台北市集 #松山文創園區 #168幸福市集
2024.04.20~21 新北市-4月-樹林秀泰生活x微瘋市集,2024-04-20,2024-04-21,新北市,https://www.twmarket.tw/?p=47765,北臺灣,#4月 #新北 #樹林 #秀泰 #秀泰影城 #秀泰生活 #百貨 #商場 #賣場 #影城 #市集 #假日市集 #手作 #手作市集
2024.04.20~21 桃園市-4月桃園八德置地生活廣場X微瘋市集,2024-04-20,2024-04-21,桃園市,https://www.twmarket.tw/?p=48295,北臺灣,#4月 #桃園 #八德 #八德置地生活廣場 #廣豐新天地 #賣場 #商場 #社區 #手作 #市集 #手作市集 #假日 #假日市集 #文創 #文創市集
2024.04.20~21 高雄市-《友DO市集 x 小品昇市》,2024-04-20,2024-04-21,高雄市,https://www.twmarket.tw/?p=48313,南臺灣,
2024.04.20~21 高雄市-散步遊者市集｜高美館｜手物派對,2024-04-20,2024-04-21,高雄市,https://www.twmarket.tw/?p=48684,南臺灣,｜#散步遊者市集｜#高雄市｜#高美館｜#4月｜#品牌招募｜ #散步遊者市集 #高雄市 #高美館 #4月 #品牌招募
2024.04.21 台北市-圓山花博入口廣場-他人視角 文創社交市集,2024-04-21,2024-04-21,台北市,https://www.twmarket.tw/?p=48809,北臺灣,
2024.04.21 台南市-友DO市集『活力健走日』,2024-04-21,2024-04-21,台南市,https://www.twmarket.tw/?p=48319,南臺灣,
2024.04.21 新北市鐵道馬拉松接力賽,2024-04-21,2024-04-21,新北市,https://www.twmarket.tw/?p=48057,北臺灣,(02)2949-9257#14
2024.04.24 桃園市-平價便利市集,2024-04-24,2024-04-24,桃園市,https://www.twmarket.tw/?p=49077,北臺灣,#桃園市 #4月 #市集 #社區 #平日🧸萬市集
2024.04.24 桃園市大園區-榮儲EGAC快閃市集,2024-04-24,2024-04-24,桃園市,https://www.twmarket.tw/?p=48887,北臺灣,
2024.04.26 台北大稻埕碼頭5號水門-樹人減碳生活市集-一日快閃市集,2024-04-26,2024-04-26,台北市,https://www.twmarket.tw/?p=48941,北臺灣,#樹人減碳生活市集 #一日快閃 #大稻埕碼頭 #台北市 #4月市集 #樹人減碳生活市集 #一日快閃 #大稻埕碼頭 #台北市 #4月市集
2024.04.26 台北市-戀舊市集,2024-04-26,2024-04-26,台北市,https://www.twmarket.tw/?p=47291,北臺灣,#4月份 #台北市
2024.04.26 台北市-花博+飛雁好物市集,2024-04-26,2024-04-26,台北市,https://www.twmarket.tw/?p=47726,北臺灣,
2024.04.26-28 台北市-戀舊。來聚正老物市集,2024-04-26,2024-04-28,台北市,https://www.twmarket.tw/?p=47468,北臺灣,
2024.04.26~28 台北市-無邊境 經典市集,2024-04-26,2024-04-28,台北市,https://www.twmarket.tw/?p=48452,北臺灣,
2024.04.26~28 桃園市-4月親子踏青微瘋市集-桃園同安親子公園,2024-04-26,2024-04-28,桃園市,https://www.twmarket.tw/?p=49060,北臺灣,
2024.04.27 臺中市✦禮民合作市集✦,2024-04-27,2024-04-27,台中市,https://www.twmarket.tw/?p=48893,中臺灣,#4月 #臺中 #室內 #免攤位費 #文創市集 #品牌招募​✦禮民合作市集✦ ꕤ#尚厚里 #禮民合作社 #台中市集 #台中景點 #假日市集 #中華夜市
2024.04.27~28 台中市-飛爾市集。一德洋樓,2024-04-27,2024-04-28,台中市,https://www.twmarket.tw/?p=48835,中臺灣,
2024.04.27~28 台北-新莊林蔭大道(體育園區內),2024-04-27,2024-04-28,台北市,https://www.twmarket.tw/?p=48749,北臺灣,
2024.04.27~28 台北市-黑街市集【黑怪來襲】 品牌招募,2024-04-27,2024-04-28,台北市,https://www.twmarket.tw/?p=49114,北臺灣,#四月 #台北市 #西門町 #電影公園 #戶外市集 #攤商招募 #四月 #台北市 #西門町 #電影公園 #戶外市集 #攤商招募 #黑街市集 #黑街市集 #不可用火） #不可用火）
2024.04.27~28 新竹市-下竹町【春日透光市集】,2024-04-27,2024-04-28,新竹市,https://www.twmarket.tw/?p=49011,北臺灣,
2024.04.27~28 桃園市-回到幼稚園,2024-04-27,2024-04-28,桃園市,https://www.twmarket.tw/?p=49039,北臺灣,
2024.04.27~28 高雄市-啃泡市集Sunny Day,2024-04-27,2024-04-28,高雄市,https://www.twmarket.tw/?p=48904,南臺灣,#高雄市 #市集 #4月 #啃泡市集 #nibblebubble #高雄左營新光三越 #彩虹市集
2024.04.27~28 高雄市-溫度逝光 //內惟藝術中心 //白色派對te party_寵愛物語,2024-04-27,2024-04-28,高雄市,https://www.twmarket.tw/?p=48461,南臺灣,
2024.04.28 新北市-相「越」來新北-移工市集,2024-04-28,2024-04-28,新北市,https://www.twmarket.tw/?p=48619,北臺灣,#4月 #新北市 #板橋車站前廣場 #2024相越來新北 #移工市集 3月17日截止報名📢3月30日前陸續通知入選名單(依情況隨時調整)#市集免費入場▍活動資訊：移工市集 service@rucoltd.com陳先生(專案經理):02-77566077#806
2024.04~05月 台北市-散步遊者市集｜四-五月份｜松菸場｜品牌招募,2024-04-01,2024-05-31,台北市,https://www.twmarket.tw/?p=48878,北臺灣,｜#散步遊者市集｜#台北市｜#松菸｜#4月｜#5月｜#品牌招募｜ #散步遊者市集 #台北市 #松菸 #4月 #5月 #品牌招募
2024.04~06月 新竹市-手作生活節,2024-04-01,2024-06-30,新竹市,https://www.twmarket.tw/?p=48270,北臺灣,#4月 #誠品生活 #新竹 #遠百竹北 #手作生活節 #寄售 #快閃市集 #不用排班
2024.04~07月 台北市-春季生活幸福感市集-4/1~7/31,2024-04-01,2024-07-31,台北市,https://www.twmarket.tw/?p=48126,北臺灣,#4月 #5月 #6月 #忠孝敦化 #台北捷運 #第四廣場 #春季市集
2024.04~07月 台北市-春日出桃市集-4/1~7/31,2024-04-01,2024-07-31,台北市,https://www.twmarket.tw/?p=48669,北臺灣,
2024.4.04~05 高雄市-舊好生活軍事風趣味野餐公益市集,2024-04-04,2024-04-05,高雄市,https://www.twmarket.tw/?p=48755,南臺灣,
2024.4.20~21 高雄市-左營新光三越,2024-04-20,2024-04-21,高雄市,https://www.twmarket.tw/?p=48805,南臺灣,2024/4/20（六）+4/21（日）🐰左營新光瑪尼場🐰時間11:00-晚上9：00🐰地點：左營新光三越#有人潮超熱鬧（結合百貨／高鐵／客運／火車站的人流）🐰招：小農／文創／按摩／服飾／DIY／手作類／輕食／占卜／花藝／香氛／飲品／妝品 #不明火（電有限）
2024.05.01~31 新北市-輔大市集FUJEN PLAZA,2024-05-01,2024-05-31,新北市,https://www.twmarket.tw/?p=48820,北臺灣,#報名中 #輔大 #輔大市集 #招募中#校園 #校園市集 #校園市集活動 #5月市集 #北部 #輔仁大學《
2024.05.03~05 台北市-台北圓山花博,2024-05-03,2024-05-05,台北市,https://www.twmarket.tw/?p=48406,北臺灣,#5月 #台北市集 #圓山花博公園 #168幸福市集 #5月 #台北市集 #圓山花博公園 #168幸福市集 #5月 #台北市集 #圓山花博公園 #168幸福市集 #5月 #台北市集 #圓山花博公園 #168幸福市集
2024.05.03~05 台北市-無邊境 經典市集,2024-05-03,2024-05-05,台北市,https://www.twmarket.tw/?p=48989,北臺灣,
2024.05.03~05 新北市-2024PACHAMAMA薩滿大地媽媽重生慶典,2024-05-03,2024-05-05,新北市,https://www.twmarket.tw/?p=48766,北臺灣,#5月 #新北市三峽 #付費市集 #5月 #新北市三峽 #付費市集 #薩滿文史
2024.05.03~05 高雄市-溫度逝光X高雄流行音樂中心X 多肉之森 – 野餐派對,2024-05-03,2024-05-05,高雄市,https://www.twmarket.tw/?p=49094,南臺灣,
2024.05.03~6 台北市-無邊境 經典市集,2024-05-03,2024-05-03,台北市,https://www.twmarket.tw/?p=48919,北臺灣,
2024.05.04~05 台中市-小旅市集 (台中火車站1樓),2024-05-04,2024-05-05,台中市,https://www.twmarket.tw/?p=48439,中臺灣,#5月 #台中市 #台中火車站 #1樓舊月台 #小旅市集小旅市集
2024.05.04~05 台中市-飛爾市集。大里藝術廣場。街頭藝術嘉年華,2024-05-04,2024-05-05,台中市,https://www.twmarket.tw/?p=49001,中臺灣,
2024.05.04~05 台中市-飛爾市集。米平方商場,2024-05-04,2024-05-05,台中市,https://www.twmarket.tw/?p=48839,中臺灣,
2024.05.04~05 台北市-公館水源市場-168幸福市集,2024-05-04,2024-05-05,台北市,https://www.twmarket.tw/?p=49182,北臺灣,#5月 #台北市集 #公館水源市場 #168幸福市集＃主題：公館水源市場假日市集-168幸福市集＃日期：2024/05/04~05（六日）＃時間：13:00-21:30＃攤數：12格
2024.05.04~05 新北新莊- 林蔭大道五月夏日市集,2024-05-04,2024-05-05,新北市,https://www.twmarket.tw/?p=48896,北臺灣,#5月 #新北 #新莊 #新莊林蔭大道 #新莊體育館 #新莊體育園區
2024.05.04~05 桃園市-5月桃園八德置地生活廣場X微瘋市集,2024-05-04,2024-05-05,桃園市,https://www.twmarket.tw/?p=48513,北臺灣,#5月#桃園 #八德 #八德置地生活廣場 #廣豐新天地 #桃園統領 #統領廣場 #賣場 #商場
2024.05.04~05 桃園市-好Young 復古市集,2024-05-04,2024-05-05,桃園市,https://www.twmarket.tw/?p=48613,北臺灣,
2024.05.04~05 桃園市-麥噹噹歡樂親子微瘋市集,2024-05-04,2024-05-05,桃園市,https://www.twmarket.tw/?p=49154,北臺灣,
2024.05.04~05 連江縣東引鄉-東馬台階梯市集,2024-05-04,2024-05-05,連江縣,https://www.twmarket.tw/?p=48697,離島,
2024.05.04~05 高雄市-溫度逝光x台塑王氏昆仲公園x春日spring day服飾季,2024-05-04,2024-05-05,高雄市,https://www.twmarket.tw/?p=48923,南臺灣,
2024.05.04~26 台南市-神農五八市集,2024-05-04,2024-05-26,台南市,https://www.twmarket.tw/?p=48432,南臺灣,#5月 #臺南 #台南 #台南市中西區 #神農街 #付費市集 #20240504-20240531#神農五八市集 #CHILL
2024.05.05 新北市-麗寶萊茵交屋派對,2024-05-05,2024-05-05,新北市,https://www.twmarket.tw/?p=49232,北臺灣,#最後三個名額 #最後三個名額 提供設備：一個攤位提供一桌二椅+2X2M白色帳篷。#可明火 #可自備發電機➤
2024.05.10 台北市-無邊境X紐約家具-母親節公益市集,2024-05-10,2024-05-10,台北市,https://www.twmarket.tw/?p=48972,北臺灣,
2024.05.10~12 新北市-微瘋市集新北中和四號公園,2024-05-10,2024-05-12,新北市,https://www.twmarket.tw/?p=49163,北臺灣,
2024.05.10~12 新北市-淡水捷運2號出口廣場,2024-05-10,2024-05-12,新北市,https://www.twmarket.tw/?p=48395,北臺灣,#5月 #新北市集 #淡水捷運8號廣場 #168幸福市集＃主題：淡水捷運2號出口廣場X168幸福市集＃日期：2024/05/10~12（五六日） #5月 #新北市集 #淡水捷運8號廣場 #168幸福市集
2024.05.10~12 桃園市-桃園中茂新天地,2024-05-10,2024-05-12,桃園市,https://www.twmarket.tw/?p=48404,北臺灣,#5月 #桃園市集 #中茂新天地 #168幸福市集＃主題：桃園中茂新天地幸福假日市集＃日期：2024/05/10~12（五六日）＃時間：11:00-20:30＃攤數：16格 #5月 #桃園市集 #中茂新天地 #168幸福市集
2024.05.10~12 高雄市-溫度逝光X高雄流行音樂中心X母親節 – 康乃馨之音,2024-05-10,2024-05-12,高雄市,https://www.twmarket.tw/?p=49097,南臺灣,
2024.05.11 台北市-有容夏日市集,2024-05-11,2024-05-11,台北市,https://www.twmarket.tw/?p=49337,北臺灣,#台北 #東吳大學市集 #五月 #學生宿舍 #近龍山寺捷運站《急徵
2024.05.11 高雄市-高雄總醫院岡山分院86週年院慶愛心義賣園遊會,2024-05-11,2024-05-11,高雄市,https://www.twmarket.tw/?p=49111,南臺灣,#2027
2024.05.11~12 台中市-啃泡市集 母親節 ✖︎ 台中金典綠園道 Luv U 300000000,2024-05-11,2024-05-12,台中市,https://www.twmarket.tw/?p=48952,中臺灣,#台中市 #5月 #啃泡市集 #nibblebubble #台中金典綠園道 #母親節
2024.05.11~12 台中市-飛爾市集。友善地球日,2024-05-11,2024-05-12,台中市,https://www.twmarket.tw/?p=48841,中臺灣,
2024.05.11~12 台北市- 自由之心 母親節市集,2024-05-11,2024-05-12,台北市,https://www.twmarket.tw/?p=48522,北臺灣,
2024.05.11~12 台北市-自由之心-母親節市集,2024-05-11,2024-05-12,台北市,https://www.twmarket.tw/?p=49120,北臺灣,
2024.05.11~12 台北市-藝起玩市集 x 花開滿藝-南港Citylink,2024-05-11,2024-05-12,台北市,https://www.twmarket.tw/?p=48865,北臺灣,
2024.05.11~12 台北市-龍山 ＴＡＫＥ ＯＮＥ 文創市集,2024-05-11,2024-05-12,台北市,https://www.twmarket.tw/?p=49045,北臺灣,#strangegallery #怪奇畫廊 #ストレンジギャラリー#龍山地下集會 #longshan.undering #龍山文創基地 #LongShanTemple #龍山寺#vintage #復古 #台北市集 #假日市集 #室內市集 #免費入場 #手作 #二手 #文創 #文創市集 #創意 #strangegallery #怪奇畫廊 #ストレンジギャラリー #龍山地下集會 #longshan #龍山文創基地 #LongShanTemple #龍山寺 #vintage #復古 #台北市集 #假日市集 #室內市集 #免費入場 #手作 #二手 #文創 #文創市集 #創意
2024.05.11~12 台南市-日月天宜·小市集x鹿耳門聖母廟_哇欸阿母,2024-05-11,2024-05-12,台南市,https://www.twmarket.tw/?p=48361,南臺灣,#台南(5)月招商#台南市安南區#鹿耳門聖母廟#母親節首選
2024.05.11~12 新北市-樹林秀泰生活X微瘋市集ઈ心心相印母親節ઉ,2024-05-11,2024-05-12,新北市,https://www.twmarket.tw/?p=48219,北臺灣,#5月 #樹林 #樹林秀泰 #秀泰影城 #樹林秀泰生活 #秀泰生活 #母親節 #市集 #手作 #手作市集 #商場 #賣場 #百貨
2024.05.11~12 新竹市-大魯閣湳雅廣場X微瘋市集- 活力親子樂，歡度母親節💐,2024-05-11,2024-05-12,新竹市,https://www.twmarket.tw/?p=48476,北臺灣,#5月 #新竹 #大魯閣 #新竹大魯閣 #湳雅廣場 #大魯閣湳雅廣場 #母親節 #親子 #市集 #手作市集 #親子市集 #媽咪 #媽媽 #母親 #商場 #百貨 #賣場
2024.05.11~12 桃園市-凸凸市｜馨花開,2024-05-11,2024-05-12,桃園市,https://www.twmarket.tw/?p=49037,北臺灣,
2024.05.11~12 桃園市-到媽媽心裡旅行 母親節市集,2024-05-11,2024-05-12,桃園市,https://www.twmarket.tw/?p=48651,北臺灣,
2024.05.11~12 桃園市-好Young 寵物市集,2024-05-11,2024-05-12,桃園市,https://www.twmarket.tw/?p=48616,北臺灣,
2024.05.11~12 高雄市-最愛康乃馨,2024-05-11,2024-05-12,高雄市,https://www.twmarket.tw/?p=48930,南臺灣,#5月 #高雄 #匠人職市 # #
2024.05.11~12 高雄市-溫度逝光x駁二藝術特區蓬萊倉庫x邂逅春日-孝母好馨情,2024-05-11,2024-05-12,高雄市,https://www.twmarket.tw/?p=49088,南臺灣,
2024.05.11~26 台北市-5月溫馨感恩月-龍山文創基地,2024-05-11,2024-05-26,台北市,https://www.twmarket.tw/?p=48631,北臺灣,陳列吸引力依每次主題走向及各場次報名情形進行篩選​​以上皆為審核時的依據，報名不代表入選僅寄送錄取信件給錄取店家，未錄取將不另行通無法個別告知沒有入選的原因，敬請諒解更非常感謝#主辦單位具有保留活動調整之權利
2024.05.14~16 台北市-北醫音樂祭,2024-05-14,2024-05-16,台北市,https://www.twmarket.tw/?p=49250,北臺灣,#臺北信義區 #吳興商圈 #5月
2024.05.17 桃園市-中央大學校慶創意市集,2024-05-17,2024-05-17,桃園市,https://www.twmarket.tw/?p=48639,北臺灣,#中央大學校慶創意市集 #中央大學校慶創意市集 #報名資訊 #報名資訊 📫#招募攤位 📫#招募攤位 🎁#錄取公告 🎁#錄取公告 #市集招商 #中大109週年校慶 #快來加入我們 #市集招商 #中大109週年校慶 #快來加入我們
2024.05.17~19 桃園市-桃園風禾公園ｘ微瘋市集,2024-05-17,2024-05-19,桃園市,https://www.twmarket.tw/?p=49166,北臺灣,
2024.05.17~19 高雄市-溫度逝光X高雄流行音樂中心X海風服飾季,2024-05-17,2024-05-19,高雄市,https://www.twmarket.tw/?p=49099,南臺灣,
2024.05.18 屏東縣-屏東牛乳嘉年華,2024-05-18,2024-05-18,屏東縣,https://www.twmarket.tw/?p=49216,南臺灣,
2024.05.18~19 台中市-飛爾市集。大里藝術廣場。賴馬故事分享會,2024-05-18,2024-05-19,台中市,https://www.twmarket.tw/?p=49003,中臺灣,
2024.05.18~19 台中市-飛爾市集。富興工廠,2024-05-18,2024-05-19,台中市,https://www.twmarket.tw/?p=48999,中臺灣,
2024.05.18~19 台北市-公館水源市場-168幸福市集,2024-05-18,2024-05-19,台北市,https://www.twmarket.tw/?p=49352,北臺灣,#5月 #台北市集 #公館水源市場 #168幸福市集＃主題：公館水源市場假日市集-168幸福市集＃日期：2024/05/18~19（六日）＃時間：13:00-21:30＃攤數：12格
2024.05.18~19 台北市-國父紀念館,2024-05-18,2024-05-19,台北市,https://www.twmarket.tw/?p=48852,北臺灣,#5月 #台北市集 #國父紀念館 #捷運站 #168幸福市集＃主題：國父紀念館x168幸福市集 #5月 #台北市集 #國父紀念館 #捷運站 #168幸福市集 #5月 #台北市集 #國父紀念館 #捷運站 #168幸福市集 #5月 #台北市集 #國父紀念館 #捷運站 #168幸福市集
2024.05.18~19 台北市-溫柔超能力 女力市集,2024-05-18,2024-05-19,台北市,https://www.twmarket.tw/?p=48648,北臺灣,
2024.05.18~19 新北市-手作藝術市集,2024-05-18,2024-05-19,新北市,https://www.twmarket.tw/?p=49007,北臺灣,#5月 #新北 #三重空軍一村 #幾點市集
2024.05.18~19 桃園市-樹人減碳生活市集,2024-05-18,2024-05-19,桃園市,https://www.twmarket.tw/?p=49317,北臺灣,#樹人減碳生活市集 #桃園新光三越站前 #5月市集 #桃園市集 #甜蜜告白 #樹人減碳生活市集 #桃園新光三越站前 #5月市集 #桃園市集 #甜蜜告白
2024.05.18~19 高雄市-啃泡市集 ✖︎ 台塑王氏昆仲公園－前不著村,2024-05-18,2024-05-19,高雄市,https://www.twmarket.tw/?p=48954,南臺灣,#高雄市 #5月 #啃泡市集 #nibblebubble #台塑王氏昆仲公園
2024.05.18~19 高雄市-溫度逝光x駁二藝術特區蓬萊倉庫x邂逅春日-設計節,2024-05-18,2024-05-19,高雄市,https://www.twmarket.tw/?p=49091,南臺灣,
2024.05.22~06.19 新北市-拾穗穀倉選物店-中和環球快閃店,2024-05-22,2024-06-19,新北市,https://www.twmarket.tw/?p=49051,北臺灣,
2024.05.24~25 桃園市-初夏友樂市,2024-05-24,2024-05-25,桃園市,https://www.twmarket.tw/?p=48525,北臺灣,
2024.05.24~26 台北市-初夏森林慶典 市集,2024-05-24,2024-05-26,台北市,https://www.twmarket.tw/?p=49204,北臺灣,
2024.05.24~26 新北市-小碧潭捷運站4樓,2024-05-24,2024-05-26,新北市,https://www.twmarket.tw/?p=48417,北臺灣,#5月 #新北市集 #小碧潭捷運站 #美河市購物商場 #168幸福市集＃主題：小碧潭捷運站4樓-168幸福市集（室內場不怕風雨）＃日期：2024/05/24~26 #5月 #新北市集 #小碧潭捷運站 #美河市購物商場 #168幸福市集
2024.05.24~26 高雄市-溫度逝光X高雄流行音樂中心X 臘腸狗日記 – 寵物野餐派對,2024-05-24,2024-05-26,高雄市,https://www.twmarket.tw/?p=49101,南臺灣,
2024.05.24~26台北圓山入口廣場市集,2024-05-24,2024-05-26,台北市,https://www.twmarket.tw/?p=48760,北臺灣,
2024.05.25 台中市-清新溫泉飯店-清新文創X二手市集,2024-05-25,2024-05-25,台中市,https://www.twmarket.tw/?p=49138,中臺灣,
2024.05.25 台中市-飛爾市集。大里農純香,2024-05-25,2024-05-25,台中市,https://www.twmarket.tw/?p=48845,中臺灣,
2024.05.25 屏東縣-戒菸就贏一級棒健走活動市集,2024-05-25,2024-05-25,屏東縣,https://www.twmarket.tw/?p=48510,南臺灣,#收費 #屏東 #戒菸一級棒健走活動
2024.05.25~26  新竹縣-新竹享平方Shown SquareX微瘋市集,2024-05-25,2024-05-26,新竹縣,https://www.twmarket.tw/?p=48881,北臺灣,#5月 #新竹 #新竹享平方 #ShownSquareX #新竹享平ShownSquare生活 #初夏市集 #端午節 #市集 #手作 #手作市集 #商場 #賣場 #百貨
2024.05.25~26 台中市-飛爾市集。迪卡儂北屯店,2024-05-25,2024-05-26,台中市,https://www.twmarket.tw/?p=48843,中臺灣,
2024.05.25~26 台北市-夏樂地Sha lala 復古市集,2024-05-25,2024-05-26,台北市,https://www.twmarket.tw/?p=49048,北臺灣,
2024.05.25~26 台北市-春漾時光慢遊,2024-05-25,2024-05-26,台北市,https://www.twmarket.tw/?p=48907,北臺灣,
2024.05.25~26 台北市-溫度逝光x台塑王氏昆仲公園x寵物野餐派對-臘腸狗日常,2024-05-25,2024-05-26,台北市,https://www.twmarket.tw/?p=48926,北臺灣,
2024.05.25~26 台南市-啃泡市集✖︎ 新光三越 小西門－兩性市集的最後Winner,2024-05-25,2024-05-26,台南市,https://www.twmarket.tw/?p=48956,南臺灣,#台南市 #5月 #啃泡市集 #nibblebubble #台南新光三越小西門
2024.05.30-06.02桃園市~桃園三民運動公園親子市集,2024-05-30,2024-05-06,桃園市,https://www.twmarket.tw/?p=49453,北臺灣,
2024.05.31~06.02 台北市-眾樂樂市集異國美食祭,2024-05-31,2024-06-02,台北市,https://www.twmarket.tw/?p=48519,北臺灣,
2024.05.31~06.02 新北市-淡水捷運2號出口廣場,2024-05-31,2024-06-02,新北市,https://www.twmarket.tw/?p=48397,北臺灣,#5月 #新北市集 #淡水捷運8號廣場 #168幸福市集＃主題：淡水捷運2號出口廣場X168幸福市集＃日期：2024/05/31~06.02（五六日） #5月 #新北市集 #淡水捷運8號廣場 #168幸福市集
2024.05~06月 嘉義縣-蓋婭莊園女神市集,2024-05-01,2024-06-30,嘉義縣,https://www.twmarket.tw/?p=49399,南臺灣,#5月 #6月 #嘉義 #蓋婭莊園 #每周例假日 蓋婭劇場👣#文創市集 #租一天送一天 #室內市集 室內休息區#月租攤商報名請私訊粉專#假日市集報名請至線上表單報名 #蓋婭莊園 #康倪時代美學生技園區#招商 #文創 #小農 #美食 #胖卡車
2024.05~07月 台北市-日好市集,2024-05-01,2024-07-31,台北市,https://www.twmarket.tw/?p=49070,北臺灣,#5月 #6月 #7月 #忠孝敦化 #台北捷運 #第四廣場 #日好市集 #寄售
2024.06月 台北市-散步遊者市集｜六月份｜松菸場｜品牌招募,2024-06-01,2024-06-30,台北市,https://www.twmarket.tw/?p=49396,北臺灣,｜#散步遊者市集｜#台北市｜#松山文創園區｜#6月｜#品牌招募｜ #散步遊者市集 #散步遊者市集 #台北市 #台北市 #松山文創園區 #松山文創園區 #6月 #6月 #品牌招募 #品牌招募
2024.5.12 桃園市-生活便利市集,2024-05-12,2024-05-12,桃園市,https://www.twmarket.tw/?p=49248,北臺灣,#桃園市 #5月 #市集 #百貨 #假日 #母親節 #地王🧸萬市集
2024/05/31~02 臺北市 米特星系大爆炸,2024-05-31,2024-06-02,台北市,https://www.twmarket.tw/?p=49067,北臺灣,
2024.05.31~02 新北市-無邊境 經典市集,2024-05-31,2024-05-02,新北市,https://www.twmarket.tw/?p=49123,北臺灣,
2024.06 台北市-法式生活節 麗寶萊茵社區市集,2024-06-01,2024-06-30,台北市,https://www.twmarket.tw/?p=49665,北臺灣,#可明火 #可自備發電機 #可明火 #可自備發電機 #可明火 #可自備發電機 #可明火 #可自備發電機 #可明火 #可自備發電機
2024.06.~08月 桃園市-春日新聚場 開幕-6/1~8/31,2024-06-01,2024-08-31,桃園市,https://www.twmarket.tw/?p=49244,北臺灣,#6月 #7月 #8月 #桃園 #桃園青埔新光影城 #春日市集 #不用排班 #櫃位 #寄售
2024.06.01 台北市-士林好神！跟著神農新遶境,2024-06-01,2024-06-01,台北市,https://www.twmarket.tw/?p=49450,北臺灣,
2024.06.01 新竹竹北-尋舊市集二手市集,2024-06-01,2024-06-01,新竹縣,https://www.twmarket.tw/?p=48946,北臺灣,#市集 #二手舊物 #新竹 #竹北 #水圳森林公園
2024.06.01~02 台中市-飛爾市集·米平方商場,2024-06-01,2024-06-02,台中市,https://www.twmarket.tw/?p=49322,中臺灣,
2024.06.01~02 台北市-台大公文創夏日祭微瘋市集,2024-06-01,2024-06-02,台北市,https://www.twmarket.tw/?p=49057,北臺灣,
2024.06.01~02 台北市-快樂超人日-紀州庵文學森林,2024-06-01,2024-06-02,台北市,https://www.twmarket.tw/?p=48634,北臺灣,陳列吸引力依每次主題走向及各場次報名情形進行篩選​​以上皆為審核時的依據，報名不代表入選僅寄送錄取信件給錄取店家，未錄取將不另行通無法個別告知沒有入選的原因，敬請諒解更非常感謝#主辦單位具有保留活動調整之權利
2024.06.01~02 台南市-鹿耳門聖母廟_週舟粽獎,2024-06-01,2024-06-02,台南市,https://www.twmarket.tw/?p=49512,南臺灣,
2024.06.01~02 新北市-新店捷運站外星人市集 新衣盛夏 x 出遊好食趣,2024-06-01,2024-06-02,新北市,https://www.twmarket.tw/?p=49141,北臺灣,
2024.06.01~02 新竹市-夏日冰菓市,2024-06-01,2024-06-02,新竹市,https://www.twmarket.tw/?p=49425,北臺灣,
2024.06.01~02 新竹市-竹北享平方微瘋精品市集,2024-06-01,2024-06-02,新竹市,https://www.twmarket.tw/?p=49210,北臺灣,
2024.06.01~02 高雄市-職原市_駁二蓬萊 戶外廣場,2024-06-01,2024-06-02,高雄市,https://www.twmarket.tw/?p=49125,南臺灣,
2024.06.01~06.30 新北市-小拾光倉庫生活選品-中和環球快閃店,2024-06-01,2024-06-30,新北市,https://www.twmarket.tw/?p=49054,北臺灣,
2024.06.01~10 桃園市-平價便利市集x萬市集,2024-06-01,2024-06-10,桃園市,https://www.twmarket.tw/?p=49310,北臺灣,#桃園市 #6月 #市集 #百貨 #連假 #端午節 #地王🧸萬市集
2024.06.01~30 台中市 佳境共好市集,2024-06-01,2024-06-30,台中市,https://www.twmarket.tw/?p=49652,中臺灣,#常態型假日市集 #台中大坑 #九號步道 #
2024.06.01~30 台中市-頑在藝起市集,2024-06-01,2024-06-30,台中市,https://www.twmarket.tw/?p=49344,中臺灣,"#台中市集 #6月主題活動 #社區市集 #里民活動🟪113年 (進場15:00,活動21:00結束)攤費:350元…..未完待續開場##報名截止至5月15日"
2024.06.01~30 台南市-神農五八市集,2024-06-01,2024-06-30,台南市,https://www.twmarket.tw/?p=49254,南臺灣,#6月 #臺南 #台南 #台南市中西區 #神農街 #付費市集 #20240601-202406301#神農五八市集 #CHILL
2024.06.02 宜蘭縣-國家地理雜誌海洋路跑市集,2024-06-02,2024-06-02,宜蘭縣,https://www.twmarket.tw/?p=49150,北臺灣,
2024.06.04~07 新北市-輔仁大學畢業市集《花young畢戀季》,2024-06-04,2024-06-07,新北市,https://www.twmarket.tw/?p=49169,北臺灣,
2024.06.07~10 台北市-圓山入口廣場,2024-06-07,2024-06-10,台北市,https://www.twmarket.tw/?p=49332,北臺灣,
2024.06.07~10 台東市-島東•有藝市,2024-06-07,2024-06-10,台東縣,https://www.twmarket.tw/?p=49302,東臺灣,**市集品牌招募**島東．有藝市#端午連假#東站廣場 #台東火車站#台東新市集活動訊息：📌市集時間｜6/7(五)-6/10(一)
2024.06.07~10 桃園市-中茂新天地-168幸福市集,2024-06-07,2024-06-10,桃園市,https://www.twmarket.tw/?p=49367,北臺灣,#6月 #桃園市集 #中茂新天地 #168幸福市集＃主題：桃園中茂新天地幸福假日市集-端午連假＃日期：2024/06/07~10（五六日一）＃時間：11:00-20:30＃攤數：16格
2024.06.08 台中市-清新溫泉飯店-清新文創X二手市集,2024-06-08,2024-06-08,台中市,https://www.twmarket.tw/?p=49158,中臺灣,
2024.06.08~09 台中市-12籃主題市集 X誠品生活480 歡慶端午市集,2024-06-08,2024-06-09,台中市,https://www.twmarket.tw/?p=49340,中臺灣,
2024.06.08~09 台中市-帝國製糖廠-有市在帝國,2024-06-08,2024-06-09,台中市,https://www.twmarket.tw/?p=49313,中臺灣,
2024.06.08~09 台北市-內湖紐約家具中心-168幸福市集,2024-06-08,2024-06-09,台北市,https://www.twmarket.tw/?p=49430,北臺灣,#6月 #台北市集 #內湖紐約家具中心 #168幸福市集＃主題：台北內湖紐約家具-週年慶檔期-168幸福市集＃日期：2024/06/08.09（六日）＃時間：12:00-20:00＃攤數：30格
2024.06.08~10 台中市-啃泡市集 端午 ✖︎ 金典綠園道－所以愛會消失對嗎,2024-06-08,2024-06-10,台中市,https://www.twmarket.tw/?p=48958,中臺灣,#台中市 #市集 #6月 #啃泡市集 #nibblebubble #台中金典綠園道 #端午連假
2024.06.08~10 台中市-飛爾市集·端午節連假市集,2024-06-08,2024-06-10,台中市,https://www.twmarket.tw/?p=49324,中臺灣,
2024.06.08~10 台北市-兒童新樂園摩天瘋市集,2024-06-08,2024-06-10,台北市,https://www.twmarket.tw/?p=49201,北臺灣,
2024.06.08~10 台北市-士林科教館端午微瘋市集,2024-06-08,2024-06-10,台北市,https://www.twmarket.tw/?p=49032,北臺灣,#6月 #台北 #士林 #科教館 #天文館 #端午節 #端午市集 #親子 #親子市集 #手作 #市集 #手作市集
2024.06.08~10 台北市-樂萌友樂市 – CITYLINK松山店,2024-06-08,2024-06-10,台北市,https://www.twmarket.tw/?p=49348,北臺灣,
2024.06.08~10 台北市-端午檔期~兒童新樂園X微瘋市集,2024-06-08,2024-06-10,台北市,https://www.twmarket.tw/?p=48474,北臺灣,#6月 #台北市 #台北 #士林 #兒童新樂園 #親子 #端午節 #端午 #市集 #端午市集 #連假 #科教館
2024.06.08~10 台北市-藝起玩市集 x 粽藝繽紛樂-南港Citylink,2024-06-08,2024-06-10,台北市,https://www.twmarket.tw/?p=48867,北臺灣,
2024.06.08~10 台南市-啃泡市集✖︎ 新光三越 小西門－誇父追日,2024-06-08,2024-06-10,台南市,https://www.twmarket.tw/?p=48960,南臺灣,#台南市 #市集 #6月 #啃泡市集 #nibblebubble #台南新光三越小西門 #端午連假
2024.06.08~10 台南市-溫度逝光x南紡購物中心x一見粽情|酪梨派對,2024-06-08,2024-06-10,台南市,https://www.twmarket.tw/?p=49104,南臺灣,
2024.06.08~10 新竹市-純市集x將軍村純市集X將軍村-端午『舟』年慶之大家可以回家啦～,2024-06-08,2024-06-10,新竹市,https://www.twmarket.tw/?p=49292,北臺灣,
2024.06.08~10 桃園市-【2024 水豚君カピバラさんＸ最美圖書館】桃知道 小書蟲書市,2024-06-08,2024-06-10,桃園市,https://www.twmarket.tw/?p=48967,北臺灣,#6月 #桃園 #桃園總圖 #最美圖書館 #唯一官方市集活動ღ #6月 #桃園 #桃園總圖 #最美圖書館 #唯一官方市集活動
2024.06.08~10 高雄市-龍粽登場,2024-06-08,2024-06-10,高雄市,https://www.twmarket.tw/?p=49082,南臺灣,#6月 #高雄市集 #橋頭糖廠 #匠人職市 #龍粽登場#陸上龍舟趣味競走 #百人立蛋活動 #粽子香包DIY #雄黃酒 #午時水 #掛艾草驅凶避邪 #招募類型 #文創手作商品 #地方小農特產 #居家芳療美學 #皮件飾品水晶 #草本多肉植物 #占星塔羅命理 #創新產業推廣 #創作型工作者 #創藝美食飲品 #節日應景商品 #傳統民俗技藝
2024.06.09~29 基隆市-七堵榕樹下市集,2024-06-09,2024-06-29,基隆市,https://www.twmarket.tw/?p=49631,北臺灣,
2024.06.14~16 新北市-淡水捷運2號出口廣場,2024-06-14,2024-06-16,新北市,https://www.twmarket.tw/?p=48399,北臺灣,#6月 #新北市集 #淡水捷運8號廣場 #168幸福市集＃主題：淡水捷運2號出口廣場X168幸福市集＃日期：2024/06/14~16（五六日） #6月 #新北市集 #淡水捷運8號廣場 #168幸福市集
2024.06.15~16 台中市-飛爾市集·一德洋樓,2024-06-15,2024-06-16,台中市,https://www.twmarket.tw/?p=49328,中臺灣,
2024.06.15~16 台北市-公館水源市場-168幸福市集,2024-06-15,2024-06-16,台北市,https://www.twmarket.tw/?p=49363,北臺灣,#6月 #台北市集 #公館水源市場 #168幸福市集＃主題：公館水源市場假日市集-168幸福市集＃日期：2024/06/15~16（六日）＃時間：13:00-21:30＃攤數：12格
2024.06.15~16 台北市-南昌永續 仲夏派對 「減碳小樹集」,2024-06-15,2024-06-16,台北市,https://www.twmarket.tw/?p=49456,北臺灣,
2024.06.15~16 新竹市-夏日冰菓市,2024-06-15,2024-06-16,新竹市,https://www.twmarket.tw/?p=49427,北臺灣,
2024.06.15~16 桃園市-初夏慶典 日系手作市集,2024-06-15,2024-06-16,桃園市,https://www.twmarket.tw/?p=49214,北臺灣,
2024.06.15~16 純市集-糸屯女子夏午茶@新竹大遠百,2024-06-15,2024-06-16,新竹市,https://www.twmarket.tw/?p=49472,北臺灣,
2024.06.16~30 新北市- 陶×生：假日生活藝術市集,2024-06-16,2024-06-30,新北市,https://www.twmarket.tw/?p=49519,北臺灣,
2024.06.21~23 新北市-小碧潭捷運站4樓,2024-06-21,2024-06-23,新北市,https://www.twmarket.tw/?p=48419,北臺灣,#6月 #新北市集 #小碧潭捷運站 #美河市購物商場 #168幸福市集＃主題：小碧潭捷運站4樓-168幸福市集（室內場不怕風雨）＃日期：2024/06/21~23 #6月 #新北市集 #小碧潭捷運站 #美河市購物商場 #168幸福市集
2024.06.21~23 桃園市-滿天星花海 畢業快樂市集,2024-06-21,2024-06-23,桃園市,https://www.twmarket.tw/?p=49198,北臺灣,
2024.06.22~23 台中市-飛爾市集·迪卡儂北屯店,2024-06-22,2024-06-23,台中市,https://www.twmarket.tw/?p=49330,中臺灣,
2024.06.22~23 台北市-夏旅の市 -安森町市集,2024-06-22,2024-06-23,台北市,https://www.twmarket.tw/?p=49172,北臺灣,
2024.06.22~23 台北市-慶端午玩具市集vol.18,2024-06-22,2024-06-23,台北市,https://www.twmarket.tw/?p=49469,北臺灣,
2024.06.22~23 桃園市-純市集-納涼一夏＠桃園新光三越站前店,2024-06-22,2024-06-23,桃園市,https://www.twmarket.tw/?p=49657,北臺灣,#6月 #桃園市 #新光三越 #百貨公司
2024.06.28~30 台北市-創物文化祭Ideas Assemble！,2024-06-28,2024-06-30,台北市,https://www.twmarket.tw/?p=49063,北臺灣,#6月 #台北市 #松山文創園區 #松菸 #5號倉庫 #文化祭招商 #6月 #台北市 #松山文創園區 #松菸 #5號倉庫 #文化祭招商 #6月 #台北市 #松山文創園區 #松菸 #5號倉庫 #文化祭招商
2024.06.28~30-新北市-新店碧潭捷運站(遮雨廊道),2024-06-28,2024-06-30,新北市,https://www.twmarket.tw/?p=48389,北臺灣,#6月 #新北市集 #新店捷運站 #碧潭站 #168幸福市集＃主題：新店捷運站(碧潭)廣場X168幸福市集
2024.06.29 新竹市-純市集-勞工親子童樂會@關新公園,2024-06-29,2024-06-29,新竹市,https://www.twmarket.tw/?p=49660,北臺灣,#6月份 #新竹市 #勞工同樂會 #純市集 #關新公園
2024.06.29-30 桃園市-桃園八德置地生活廣場微瘋市集,2024-06-29,2024-06-30,桃園市,https://www.twmarket.tw/?p=49275,北臺灣,#6月#桃園 #八德 #八德置地生活廣場 #廣豐新天地 #桃園統領 #統領廣場 #賣場 #商場
2024.06.29~30 台北市-Machi MAJI 友情信物 選物市集,2024-06-29,2024-06-30,台北市,https://www.twmarket.tw/?p=49230,北臺灣,"#夏天珍貴的室內場地,歡迎一起參與 #夏天珍貴的室內場地,歡迎一起參與 #夏天珍貴的室內場地,歡迎一起參與 #夏天珍貴的室內場地,歡迎一起參與"
2024.06.29~30 台北市-公館水源市場-168幸福市集,2024-06-29,2024-06-30,台北市,https://www.twmarket.tw/?p=49365,北臺灣,#6月 #台北市集 #公館水源市場 #168幸福市集＃主題：公館水源市場假日市集-168幸福市集＃日期：2024/06/29~30（六日）＃時間：13:00-21:30＃攤數：12格
2024.06.29~30 台北市-軟萌友樂市,2024-06-29,2024-06-30,台北市,https://www.twmarket.tw/?p=49241,北臺灣,#夏天搶手的室內場地 #手刀報名 #夏天搶手的室內場地 #手刀報名 #夏天搶手的室內場地 #手刀報名
2024.06.29~30 台南市-啃泡市集✖︎ 新光三越 小西門－歐吹派對,2024-06-29,2024-06-30,台南市,https://www.twmarket.tw/?p=48964,南臺灣,#台南市 #6月 #啃泡市集 #nibblebubble #台南新光三越小西門
2024.06.29~30 桃園市-桃園八德置地生活廣場微瘋市集,2024-06-29,2024-06-30,桃園市,https://www.twmarket.tw/?p=49259,北臺灣,
2024.06~07月 台北市-萬物皆有趣~夏日市集 樂活生活節~,2024-06-01,2024-07-31,台北市,https://www.twmarket.tw/?p=49278,北臺灣,#6月 #7月 #台北 #K區地下街 #台北車站 #東廣場 #夏季市集 #不用排班 #櫃位 #寄售 #東森購物
2024.06~08月 (三義)小夏市集-6/21~8/18,2024-06-21,2024-08-18,苗栗縣,https://www.twmarket.tw/?p=49459,中臺灣,#6月 #7月 #8月 #苗栗 #三義車亭休息站 #休息站 #寄售 #選物店 #快閃 #國道一號 #三義交流道
2024.06~09 新北市-淡水微瘋精品小市集,2024-06-01,2024-06-30,新北市,https://www.twmarket.tw/?p=49668,北臺灣,
2024.06~09月 台北市-純市集-鬆弛綠意＠松山citylink,2024-06-01,2024-09-30,台北市,https://www.twmarket.tw/?p=49616,北臺灣,#台北市 #6月 #7月 #8月 #citylink松山壹號店
2024.06月 新北市- 小拾光倉庫中和環球,2024-06-01,2024-06-30,新北市,https://www.twmarket.tw/?p=49035,北臺灣,#新北市 #購物中心 #6月 #中和環球 #小拾光倉庫小拾光倉庫6月巡迴到中和環球購物囉！中和環球購物中心位於中和中山路三段，館內商場、餐廳、電影院應有盡有，是中永和地區假日家庭遊憩的首選，小拾光倉庫6月與你在中和環球一起同樂！市集名稱：摭拾368創意市集-小拾光倉庫中和環球📅市集日期：6/1、6/2、6/8、6/9、6/10、6/22、6/23、6/29、6/30🕙活動時間：早上11點至晚上20點📍活動地點：中和環球購物中心1F樓戶外廣場📌招商類型：文創、飾品、甜點、植栽、手作、服飾、親子用品、寵物、編織👉🏻報名由此進：https://reurl.cc/13nLY8👉🏻小拾光倉庫5月松菸場：https://reurl.cc/v0zQMj可加入摭拾line@官方帳號詢問專人：https://lin.ee/qx3XIB5
2024.6.15~16 高雄市-芭比路跑粉紅市集,2024-06-15,2024-06-16,高雄市,https://www.twmarket.tw/?p=49677,南臺灣,
2024.6.22~23 新北市-仲夏新店捷運站微瘋市集,2024-06-22,2024-06-23,新北市,https://www.twmarket.tw/?p=48949,北臺灣,#6月 #仲夏 #新店 #捷運站 #新店捷運站 #捷運出口 #廣場 #捷運站廣場
2024.07.05~07 新北市-無邊境 經典市集-夏日版 202407美河市,2024-07-05,2024-07-07,新北市,https://www.twmarket.tw/?p=49638,北臺灣,
2024.07.06-07新竹市~童裝一條街，竹北享平方,2024-07-06,2024-07-06,新竹市,https://www.twmarket.tw/?p=49592,北臺灣,
2024.07.06~07 台中市-飛爾市集·米平方商場,2024-07-06,2024-07-07,台中市,https://www.twmarket.tw/?p=49405,中臺灣,
2024.07.06~07 台南市-南紡購物中心x他人視角,2024-07-06,2024-07-07,台南市,https://www.twmarket.tw/?p=49417,南臺灣,
2024.07.06~07 高雄市-職原市 ✖︎ 玉竹商圈&大統百貨五福店《餐車嘉年華》,2024-07-06,2024-07-07,高雄市,https://www.twmarket.tw/?p=49597,南臺灣,#7月 #高雄市 #大統百貨五福店 #中央公園玉竹商圈 #付費市集 #職原市活動企業社 #熱列招募中
2024.07.12~14 桃園市-中茂新天地-168幸福市集,2024-07-12,2024-07-14,桃園市,https://www.twmarket.tw/?p=48991,北臺灣,#7月 #桃園市集 #中茂新天地 #168幸福市集＃主題：桃園中茂新天地幸福假日市集＃日期：2024/07/12~14（五六日）＃時間：11:00-20:30＃攤數：16格
2024.07.13~14 台中市-飛爾市集·迪卡儂北屯店,2024-07-13,2024-07-14,台中市,https://www.twmarket.tw/?p=49407,中臺灣,
2024.07.13~14 台北市-Hello EARTH 地球 你好嗎? 安森町環保市集,2024-07-13,2024-07-14,台北市,https://www.twmarket.tw/?p=49675,北臺灣,
2024.07.13~14 台北市-Hello SUMMER  涼好一夏市集,2024-07-13,2024-07-14,台北市,https://www.twmarket.tw/?p=49533,北臺灣,
2024.07.13~14 台南市-鹿耳門聖母廟_異國風情,2024-07-13,2024-07-14,台南市,https://www.twmarket.tw/?p=49515,南臺灣,
2024.07.13~14 桃園市-統領百貨x微瘋市集,2024-07-13,2024-07-14,桃園市,https://www.twmarket.tw/?p=48969,北臺灣,#7月#桃園 #桃園統領 #統領廣場 #賣場 #商場 #百貨
2024.07.13~14 高雄市-職原市 ✖︎ 漢神巨蛋 《呷冰祭》,2024-07-13,2024-07-14,高雄市,https://www.twmarket.tw/?p=49603,南臺灣,#7月 #高雄市 #漢神巨蛋 #冰品 #付費市集 #職原市活動企業社 ▎職原市︱巨蛋呷冰祭#熱列招募中
2024.07.13~14 高雄市-職原市 ✖︎ 玉竹商圈&大統百貨五福店《餐車嘉年華》,2024-07-13,2024-07-14,高雄市,https://www.twmarket.tw/?p=49600,南臺灣,#7月 #高雄市 #大統百貨五福店 #中央公園玉竹商圈 #付費市集 #職原市活動企業社 #熱列招募中
2024.07.20~21 台中市-飛爾市集·一德洋樓,2024-07-20,2024-07-21,台中市,https://www.twmarket.tw/?p=49409,中臺灣,
2024.07.20~21 台北市-Hello VACATION一起去旅行 夏日市集,2024-07-20,2024-07-21,台北市,https://www.twmarket.tw/?p=49647,北臺灣,
2024.07.20~21 台北市-品牌十週年活動,2024-07-20,2024-07-21,台北市,https://www.twmarket.tw/?p=49160,北臺灣,
2024.07.26~28 新北市-小碧潭捷運站4樓,2024-07-26,2024-07-28,新北市,https://www.twmarket.tw/?p=49372,北臺灣,#7月 #新北市集 #小碧潭捷運站 #美河市購物商場 #168幸福市集＃主題：小碧潭捷運站4樓-168幸福市集（室內場不怕風雨）＃日期：2024/07/26~28 #7月 #新北市集 #小碧潭捷運站 #美河市購物商場 #168幸福市集
2024.07.27~28 台中市-飛爾市集·迪卡儂北屯店,2024-07-27,2024-07-28,台中市,https://www.twmarket.tw/?p=49411,中臺灣,
2024.08.03 新竹縣-國際青年商會中華民國總會桃竹苗區域大會X微瘋市集,2024-08-03,2024-08-03,新竹縣,https://www.twmarket.tw/?p=49271,北臺灣,#新竹 #湖口 #新竹湖口 #湖口好客文創園區 #湖口三元宮後停車場 #三元宮 #停車場 #國際青年商會 #青商會 #市集
2024.08.03~04 台中市-飛爾市集·東勢客家文化園區,2024-08-03,2024-08-04,台中市,https://www.twmarket.tw/?p=49403,中臺灣,
2024.08.09~11 桃園市-中茂新天地-168幸福市集,2024-08-09,2024-08-11,桃園市,https://www.twmarket.tw/?p=49374,北臺灣,#8月 #桃園市集 #中茂新天地 #168幸福市集＃主題：桃園中茂新天地幸福假日市集＃日期：2024/08/09~11（五六日）＃時間：11:00-20:30＃攤數：16格
2024.08.10~11 台中市-飛爾市集·迪卡儂北屯店,2024-08-10,2024-08-11,台中市,https://www.twmarket.tw/?p=49432,中臺灣,
2024.08.17~18 台中市-飛爾市集·一德洋樓,2024-08-17,2024-08-18,台中市,https://www.twmarket.tw/?p=49434,中臺灣,
2024.08.23~25 新北市-小碧潭捷運站4樓,2024-08-23,2024-08-25,新北市,https://www.twmarket.tw/?p=49381,北臺灣,#8月 #新北市集 #小碧潭捷運站 #美河市購物商場 #168幸福市集＃主題：小碧潭捷運站4樓-168幸福市集（室內場不怕風雨）＃日期：2024/08/23~25 #8月 #新北市集 #小碧潭捷運站 #美河市購物商場 #168幸福市集
2024.08.24~25 台中市-飛爾市集·迪卡儂北屯店,2024-08-24,2024-08-25,台中市,https://www.twmarket.tw/?p=49436,中臺灣,
2024.8.24~25 台北市-松菸-失態文創市集,2024-08-24,2024-08-25,台北市,https://www.twmarket.tw/?p=49610,北臺灣,
2024.09.06~08 新北市-中和四號公園,2024-09-06,2024-09-08,新北市,https://www.twmarket.tw/?p=49295,北臺灣,#9月 #新北市集 #中和四號公園 #國立臺灣圖書館 #168幸福市集＃主題：新北中和四號公園–168幸福市集＃日期：2024.09.06~08（周五六日） #9月 #新北市集 #中和四號公園 #國立臺灣圖書館 #168幸福市集
2024.09.13~15 台北市-台北圓山花博,2024-09-13,2024-09-15,台北市,https://www.twmarket.tw/?p=49351,北臺灣,#9月 #台北市集 #圓山花博公園 #168幸福市集 #9月 #台北市集 #圓山花博公園 #168幸福市集 #9月 #台北市集 #圓山花博公園 #168幸福市集 #9月 #台北市集 #圓山花博公園 #168幸福市集
2024.09.13~15 桃園市-中茂新天地-168幸福市集,2024-09-13,2024-09-15,桃園市,https://www.twmarket.tw/?p=49387,北臺灣,#9月 #桃園市集 #中茂新天地 #168幸福市集＃主題：桃園中茂新天地幸福假日市集＃日期：2024/09/13~15（五六日）＃時間：11:00-20:30＃攤數：16格
2024.09.20~22 台北市-台北圓山花博,2024-09-20,2024-09-22,台北市,https://www.twmarket.tw/?p=49391,北臺灣,#9月 #台北市集 #圓山花博公園 #168幸福市集 #9月 #台北市集 #圓山花博公園 #168幸福市集 #9月 #台北市集 #圓山花博公園 #168幸福市集 #9月 #台北市集 #圓山花博公園 #168幸福市集
2024.09.21~22 高雄市-職原市 ✖︎ 駁二大義倉庫棧,2024-09-21,2024-09-22,高雄市,https://www.twmarket.tw/?p=49605,南臺灣,
2024.09.27~29 新北市-小碧潭捷運站4樓,2024-09-27,2024-09-29,新北市,https://www.twmarket.tw/?p=49393,北臺灣,#9月 #新北市集 #小碧潭捷運站 #美河市購物商場 #168幸福市集＃主題：小碧潭捷運站4樓-168幸福市集（室內場不怕風雨）＃日期：2024/09/27~29＃時間：11:00-20:00＃攤數：16格 #9月 #新北市集 #小碧潭捷運站 #美河市購物商場 #168幸福市集
2024.09.28~29 高雄市-職原市 ✖︎ 駁二蓬萊 戶外廣場,2024-09-28,2024-09-29,高雄市,https://www.twmarket.tw/?p=49607,南臺灣,
2024.01.05-07 無邊境 經典市集,2024-01-05,2024-01-07,新北市,https://www.twmarket.tw/?p=47347,北臺灣,
2024.01.27凝聚美好時刻 團圓市集 招商表單,2024-01-27,2024-01-27,臺北市,https://www.twmarket.tw/?p=47342,北臺灣,
散步遊者市集｜高美館｜品牌招募,2024-03-09,2024-03-10,高雄市,https://www.twmarket.tw/?p=47808,南臺灣,｜#散步遊者市集｜#高雄市｜#高美館｜#3月｜#品牌招募｜ #散步遊者市集 #散步遊者市集 #高雄市 #高雄市 #高美館 #高美館 #3月 #3月 #品牌招募 #品牌招募
2024.04.20~21 麥噹噹歡樂親子市集,2024-04-20,2024-04-21,桃園市,https://www.twmarket.tw/?p=48858,北臺灣,#5月#桃園 #八德 #八德置地生活廣場 #廣豐新天地 #桃園統領 #統領廣場 #賣場 #商場
2024.04.26~28-第12屆澳門國際旅遊（產業）博覽會,2024-04-26,2024-04-28,澳門,https://www.twmarket.tw/?p=47711,澳門,#4月 #澳門市集 #澳門國際旅遊博覽會 #168幸福市集第十二屆澳門國際旅遊（產業）博覽會日期：2024年4月26日-4月28日地點：澳門威尼斯人會展中心ABC館主辦機構：澳門特別行政區政府旅遊局台灣文創區承辦單位：霆益國際168幸福市集 #4月 #澳門市集 #澳門國際旅遊博覽會 #168幸福市集
2024.04.27~28 純市集x享平方-藝享世界,2024-04-27,2024-04-28,新竹市,https://www.twmarket.tw/?p=48863,北臺灣,#四月 #新竹市 #享平方 #電影院
純市集-童慶森林 桃園總圖/桃知道創生活廣場,2024-04-04,2024-04-07,桃園市,https://www.twmarket.tw/?p=48348,北臺灣,
摭拾368-小時光倉庫市集,2024-05-04,2024-05-05,台北市,https://www.twmarket.tw/?p=48693,北臺灣,#信義區 #室外市集 #5月 #松菸文創園區 #摭拾368創意市集
純市集-超級媽媽購物中心,2024-05-04,2024-05-05,桃園市,https://www.twmarket.tw/?p=49025,北臺灣,
